name,rep,s,Ua,distance,fstOutliers
c1e-4/run9.s0.006.Ua10.0.d400.csv,9,0.006,10.0,400,166
c1e-4/run8.s0.0006.Ua1.0.d100.csv,8,0.0006,1.0,100,0
c1e-4/run21.s0.0002.Ua0.1.d400.csv,21,0.0002,0.1,400,0
c1e-4/run1.s0.0006.Ua1.0.d400.csv,1,0.0006,1.0,400,1
c1e-4/run1.s0.0006.Ua10.0.d100.csv,1,0.0006,10.0,100,0
c1e-4/run13.s0.002.Ua1.0.d400.csv,13,0.002,1.0,400,8
c1e-4/run19.s0.0006.Ua1.0.d400.csv,19,0.0006,1.0,400,0
c1e-4/run19.s0.0002.Ua10.0.d300.csv,19,0.0002,10.0,300,0
c1e-4/run6.s0.002.Ua0.1.d100.csv,6,0.002,0.1,100,1
c1e-4/run21.s0.0006.Ua0.1.d200.csv,21,0.0006,0.1,200,0
c1e-4/run5.s0.006.Ua1.0.d100.csv,5,0.006,1.0,100,1
c1e-4/run8.s0.002.Ua0.1.d300.csv,8,0.002,0.1,300,1
c1e-4/run14.s0.0002.Ua0.1.d200.csv,14,0.0002,0.1,200,0
c1e-4/run20.s0.0006.Ua10.0.d300.csv,20,0.0006,10.0,300,8
c1e-4/run28.s0.0002.Ua10.0.d400.csv,28,0.0002,10.0,400,2
c1e-4/run11.s0.0002.Ua0.1.d200.csv,11,0.0002,0.1,200,0
c1e-4/run30.s0.0002.Ua10.0.d300.csv,30,0.0002,10.0,300,0
c1e-4/run28.s0.002.Ua0.1.d400.csv,28,0.002,0.1,400,0
c1e-4/run5.s0.0002.Ua0.1.d100.csv,5,0.0002,0.1,100,0
c1e-4/run1.s0.0002.Ua1.0.d100.csv,1,0.0002,1.0,100,0
c1e-4/run24.s0.0002.Ua0.1.d200.csv,24,0.0002,0.1,200,0
c1e-4/run18.s0.0002.Ua1.0.d100.csv,18,0.0002,1.0,100,0
c1e-4/run4.s0.0006.Ua10.0.d300.csv,4,0.0006,10.0,300,5
c1e-4/run8.s0.002.Ua1.0.d100.csv,8,0.002,1.0,100,0
c1e-4/run29.s0.0002.Ua1.0.d200.csv,29,0.0002,1.0,200,0
c1e-4/run9.s0.0006.Ua0.1.d400.csv,9,0.0006,0.1,400,0
c1e-4/run13.s0.0002.Ua1.0.d400.csv,13,0.0002,1.0,400,0
c1e-4/run16.s0.006.Ua10.0.d400.csv,16,0.006,10.0,400,166
c1e-4/run29.s0.0002.Ua1.0.d300.csv,29,0.0002,1.0,300,0
c1e-4/run1.s0.002.Ua10.0.d100.csv,1,0.002,10.0,100,8
c1e-4/run26.s0.002.Ua0.1.d400.csv,26,0.002,0.1,400,0
c1e-4/run3.s0.002.Ua1.0.d100.csv,3,0.002,1.0,100,1
c1e-4/run21.s0.006.Ua0.1.d300.csv,21,0.006,0.1,300,1
c1e-4/run6.s0.0002.Ua0.1.d400.csv,6,0.0002,0.1,400,0
c1e-4/run11.s0.002.Ua10.0.d200.csv,11,0.002,10.0,200,29
c1e-4/run29.s0.002.Ua1.0.d300.csv,29,0.002,1.0,300,1
c1e-4/run23.s0.0002.Ua10.0.d100.csv,23,0.0002,10.0,100,0
c1e-4/run12.s0.0002.Ua0.1.d300.csv,12,0.0002,0.1,300,0
c1e-4/run6.s0.002.Ua10.0.d200.csv,6,0.002,10.0,200,25
c1e-4/run23.s0.006.Ua10.0.d200.csv,23,0.006,10.0,200,89
c1e-4/run26.s0.006.Ua1.0.d400.csv,26,0.006,1.0,400,10
c1e-4/run9.s0.002.Ua1.0.d400.csv,9,0.002,1.0,400,6
c1e-4/run5.s0.0002.Ua1.0.d200.csv,5,0.0002,1.0,200,0
c1e-4/run5.s0.0006.Ua1.0.d200.csv,5,0.0006,1.0,200,0
c1e-4/run13.s0.002.Ua10.0.d400.csv,13,0.002,10.0,400,55
c1e-4/run25.s0.002.Ua10.0.d100.csv,25,0.002,10.0,100,2
c1e-4/run18.s0.006.Ua0.1.d300.csv,18,0.006,0.1,300,3
c1e-4/run13.s0.002.Ua1.0.d100.csv,13,0.002,1.0,100,2
c1e-4/run16.s0.0006.Ua0.1.d100.csv,16,0.0006,0.1,100,0
c1e-4/run17.s0.006.Ua1.0.d400.csv,17,0.006,1.0,400,17
c1e-4/run20.s0.0006.Ua0.1.d100.csv,20,0.0006,0.1,100,0
c1e-4/run9.s0.0002.Ua10.0.d400.csv,9,0.0002,10.0,400,0
c1e-4/run12.s0.0002.Ua0.1.d200.csv,12,0.0002,0.1,200,0
c1e-4/run2.s0.0006.Ua1.0.d300.csv,2,0.0006,1.0,300,0
c1e-4/run10.s0.002.Ua10.0.d100.csv,10,0.002,10.0,100,6
c1e-4/run3.s0.002.Ua0.1.d400.csv,3,0.002,0.1,400,1
c1e-4/run21.s0.002.Ua0.1.d400.csv,21,0.002,0.1,400,1
c1e-4/run12.s0.002.Ua1.0.d100.csv,12,0.002,1.0,100,1
c1e-4/run30.s0.006.Ua1.0.d300.csv,30,0.006,1.0,300,11
c1e-4/run19.s0.002.Ua10.0.d100.csv,19,0.002,10.0,100,6
c1e-4/run13.s0.002.Ua10.0.d100.csv,13,0.002,10.0,100,4
c1e-4/run29.s0.006.Ua0.1.d300.csv,29,0.006,0.1,300,0
c1e-4/run15.s0.006.Ua1.0.d200.csv,15,0.006,1.0,200,7
c1e-4/run9.s0.002.Ua1.0.d200.csv,9,0.002,1.0,200,3
c1e-4/run28.s0.0006.Ua0.1.d400.csv,28,0.0006,0.1,400,0
c1e-4/run18.s0.006.Ua1.0.d400.csv,18,0.006,1.0,400,20
c1e-4/run23.s0.0002.Ua10.0.d400.csv,23,0.0002,10.0,400,0
c1e-4/run20.s0.0002.Ua1.0.d200.csv,20,0.0002,1.0,200,0
c1e-4/run30.s0.002.Ua10.0.d200.csv,30,0.002,10.0,200,22
c1e-4/run4.s0.002.Ua1.0.d200.csv,4,0.002,1.0,200,2
c1e-4/run3.s0.006.Ua0.1.d400.csv,3,0.006,0.1,400,1
c1e-4/run17.s0.006.Ua0.1.d300.csv,17,0.006,0.1,300,2
c1e-4/run29.s0.006.Ua1.0.d200.csv,29,0.006,1.0,200,11
c1e-4/run3.s0.002.Ua0.1.d300.csv,3,0.002,0.1,300,1
c1e-4/run14.s0.0002.Ua1.0.d200.csv,14,0.0002,1.0,200,0
c1e-4/run16.s0.0002.Ua10.0.d400.csv,16,0.0002,10.0,400,1
c1e-4/run13.s0.0002.Ua10.0.d200.csv,13,0.0002,10.0,200,0
c1e-4/run17.s0.006.Ua10.0.d400.csv,17,0.006,10.0,400,156
c1e-4/run29.s0.0006.Ua0.1.d100.csv,29,0.0006,0.1,100,0
c1e-4/run26.s0.0006.Ua10.0.d100.csv,26,0.0006,10.0,100,0
c1e-4/run10.s0.006.Ua1.0.d200.csv,10,0.006,1.0,200,5
c1e-4/run17.s0.006.Ua10.0.d300.csv,17,0.006,10.0,300,146
c1e-4/run15.s0.0002.Ua1.0.d100.csv,15,0.0002,1.0,100,0
c1e-4/run3.s0.0002.Ua10.0.d100.csv,3,0.0002,10.0,100,0
c1e-4/run28.s0.006.Ua0.1.d100.csv,28,0.006,0.1,100,0
c1e-4/run17.s0.002.Ua10.0.d200.csv,17,0.002,10.0,200,18
c1e-4/run18.s0.0002.Ua10.0.d200.csv,18,0.0002,10.0,200,0
c1e-4/run4.s0.0002.Ua1.0.d300.csv,4,0.0002,1.0,300,1
c1e-4/run27.s0.0002.Ua10.0.d400.csv,27,0.0002,10.0,400,1
c1e-4/run9.s0.006.Ua0.1.d400.csv,9,0.006,0.1,400,1
c1e-4/run28.s0.002.Ua0.1.d300.csv,28,0.002,0.1,300,0
c1e-4/run9.s0.002.Ua0.1.d400.csv,9,0.002,0.1,400,0
c1e-4/run8.s0.0006.Ua0.1.d400.csv,8,0.0006,0.1,400,0
c1e-4/run30.s0.0006.Ua0.1.d400.csv,30,0.0006,0.1,400,0
c1e-4/run10.s0.006.Ua0.1.d400.csv,10,0.006,0.1,400,2
c1e-4/run12.s0.0006.Ua0.1.d300.csv,12,0.0006,0.1,300,0
c1e-4/run26.s0.0002.Ua1.0.d300.csv,26,0.0002,1.0,300,0
c1e-4/run20.s0.006.Ua1.0.d200.csv,20,0.006,1.0,200,12
c1e-4/run6.s0.002.Ua0.1.d300.csv,6,0.002,0.1,300,1
c1e-4/run18.s0.006.Ua10.0.d100.csv,18,0.006,10.0,100,25
c1e-4/run15.s0.0006.Ua1.0.d100.csv,15,0.0006,1.0,100,0
c1e-4/run25.s0.0002.Ua1.0.d200.csv,25,0.0002,1.0,200,0
c1e-4/run11.s0.006.Ua1.0.d200.csv,11,0.006,1.0,200,6
c1e-4/run26.s0.0002.Ua0.1.d100.csv,26,0.0002,0.1,100,0
c1e-4/run15.s0.0006.Ua1.0.d200.csv,15,0.0006,1.0,200,0
c1e-4/run29.s0.0002.Ua0.1.d300.csv,29,0.0002,0.1,300,0
c1e-4/run20.s0.0006.Ua0.1.d400.csv,20,0.0006,0.1,400,0
c1e-4/run16.s0.0006.Ua0.1.d400.csv,16,0.0006,0.1,400,0
c1e-4/run22.s0.0002.Ua1.0.d100.csv,22,0.0002,1.0,100,0
c1e-4/run19.s0.0002.Ua10.0.d400.csv,19,0.0002,10.0,400,0
c1e-4/run20.s0.002.Ua10.0.d400.csv,20,0.002,10.0,400,61
c1e-4/run24.s0.006.Ua1.0.d100.csv,24,0.006,1.0,100,3
c1e-4/run18.s0.0006.Ua0.1.d400.csv,18,0.0006,0.1,400,0
c1e-4/run21.s0.0006.Ua1.0.d400.csv,21,0.0006,1.0,400,1
c1e-4/run9.s0.0006.Ua10.0.d400.csv,9,0.0006,10.0,400,15
c1e-4/run11.s0.0006.Ua10.0.d200.csv,11,0.0006,10.0,200,2
c1e-4/run11.s0.0006.Ua1.0.d400.csv,11,0.0006,1.0,400,0
c1e-4/run12.s0.002.Ua10.0.d300.csv,12,0.002,10.0,300,66
c1e-4/run3.s0.002.Ua0.1.d200.csv,3,0.002,0.1,200,0
c1e-4/run29.s0.0006.Ua1.0.d400.csv,29,0.0006,1.0,400,1
c1e-4/run13.s0.006.Ua1.0.d400.csv,13,0.006,1.0,400,18
c1e-4/run2.s0.002.Ua10.0.d100.csv,2,0.002,10.0,100,7
c1e-4/run2.s0.002.Ua1.0.d300.csv,2,0.002,1.0,300,2
c1e-4/run23.s0.0002.Ua10.0.d300.csv,23,0.0002,10.0,300,1
c1e-4/run18.s0.006.Ua0.1.d400.csv,18,0.006,0.1,400,2
c1e-4/run11.s0.006.Ua0.1.d100.csv,11,0.006,0.1,100,0
c1e-4/run4.s0.0002.Ua10.0.d200.csv,4,0.0002,10.0,200,0
c1e-4/run28.s0.006.Ua10.0.d400.csv,28,0.006,10.0,400,164
c1e-4/run20.s0.0006.Ua10.0.d200.csv,20,0.0006,10.0,200,1
c1e-4/run20.s0.0002.Ua0.1.d400.csv,20,0.0002,0.1,400,0
c1e-4/run2.s0.006.Ua0.1.d400.csv,2,0.006,0.1,400,1
c1e-4/run1.s0.002.Ua10.0.d300.csv,1,0.002,10.0,300,54
c1e-4/run21.s0.006.Ua10.0.d300.csv,21,0.006,10.0,300,126
c1e-4/run13.s0.0006.Ua1.0.d300.csv,13,0.0006,1.0,300,0
c1e-4/run8.s0.002.Ua0.1.d100.csv,8,0.002,0.1,100,0
c1e-4/run1.s0.0002.Ua0.1.d200.csv,1,0.0002,0.1,200,0
c1e-4/run29.s0.0002.Ua10.0.d100.csv,29,0.0002,10.0,100,0
c1e-4/run20.s0.0006.Ua1.0.d400.csv,20,0.0006,1.0,400,1
c1e-4/run24.s0.0002.Ua10.0.d400.csv,24,0.0002,10.0,400,1
c1e-4/run7.s0.0002.Ua1.0.d300.csv,7,0.0002,1.0,300,0
c1e-4/run4.s0.006.Ua10.0.d300.csv,4,0.006,10.0,300,126
c1e-4/run3.s0.0006.Ua0.1.d300.csv,3,0.0006,0.1,300,0
c1e-4/run25.s0.006.Ua1.0.d400.csv,25,0.006,1.0,400,14
c1e-4/run19.s0.0006.Ua1.0.d300.csv,19,0.0006,1.0,300,0
c1e-4/run22.s0.0006.Ua0.1.d100.csv,22,0.0006,0.1,100,0
c1e-4/run30.s0.0006.Ua10.0.d400.csv,30,0.0006,10.0,400,11
c1e-4/run24.s0.006.Ua10.0.d300.csv,24,0.006,10.0,300,115
c1e-4/run6.s0.006.Ua1.0.d400.csv,6,0.006,1.0,400,16
c1e-4/run2.s0.0002.Ua10.0.d300.csv,2,0.0002,10.0,300,0
c1e-4/run21.s0.006.Ua10.0.d400.csv,21,0.006,10.0,400,147
c1e-4/run13.s0.002.Ua0.1.d200.csv,13,0.002,0.1,200,0
c1e-4/run16.s0.006.Ua0.1.d400.csv,16,0.006,0.1,400,2
c1e-4/run11.s0.0006.Ua0.1.d200.csv,11,0.0006,0.1,200,0
c1e-4/run4.s0.006.Ua0.1.d200.csv,4,0.006,0.1,200,0
c1e-4/run21.s0.0002.Ua0.1.d200.csv,21,0.0002,0.1,200,0
c1e-4/run22.s0.0006.Ua0.1.d200.csv,22,0.0006,0.1,200,0
c1e-4/run26.s0.002.Ua0.1.d100.csv,26,0.002,0.1,100,0
c1e-4/run1.s0.002.Ua1.0.d300.csv,1,0.002,1.0,300,6
c1e-4/run12.s0.006.Ua0.1.d200.csv,12,0.006,0.1,200,0
c1e-4/run18.s0.006.Ua10.0.d400.csv,18,0.006,10.0,400,153
c1e-4/run6.s0.0006.Ua1.0.d400.csv,6,0.0006,1.0,400,0
c1e-4/run2.s0.006.Ua1.0.d400.csv,2,0.006,1.0,400,15
c1e-4/run8.s0.0002.Ua0.1.d300.csv,8,0.0002,0.1,300,0
c1e-4/run26.s0.0006.Ua0.1.d400.csv,26,0.0006,0.1,400,0
c1e-4/run26.s0.006.Ua1.0.d100.csv,26,0.006,1.0,100,2
c1e-4/run13.s0.006.Ua10.0.d200.csv,13,0.006,10.0,200,91
c1e-4/run21.s0.002.Ua0.1.d100.csv,21,0.002,0.1,100,1
c1e-4/run9.s0.0006.Ua1.0.d100.csv,9,0.0006,1.0,100,0
c1e-4/run19.s0.0002.Ua1.0.d400.csv,19,0.0002,1.0,400,0
c1e-4/run16.s0.0006.Ua1.0.d300.csv,16,0.0006,1.0,300,0
c1e-4/run27.s0.002.Ua0.1.d100.csv,27,0.002,0.1,100,0
c1e-4/run26.s0.002.Ua10.0.d100.csv,26,0.002,10.0,100,3
c1e-4/run2.s0.0006.Ua10.0.d100.csv,2,0.0006,10.0,100,0
c1e-4/run25.s0.0006.Ua10.0.d100.csv,25,0.0006,10.0,100,0
c1e-4/run19.s0.002.Ua10.0.d400.csv,19,0.002,10.0,400,65
c1e-4/run15.s0.002.Ua1.0.d200.csv,15,0.002,1.0,200,3
c1e-4/run22.s0.006.Ua1.0.d300.csv,22,0.006,1.0,300,17
c1e-4/run2.s0.0002.Ua1.0.d200.csv,2,0.0002,1.0,200,0
c1e-4/run19.s0.006.Ua1.0.d300.csv,19,0.006,1.0,300,12
c1e-4/run12.s0.0006.Ua1.0.d200.csv,12,0.0006,1.0,200,0
c1e-4/run26.s0.0002.Ua10.0.d400.csv,26,0.0002,10.0,400,0
c1e-4/run10.s0.0002.Ua1.0.d400.csv,10,0.0002,1.0,400,0
c1e-4/run2.s0.006.Ua10.0.d100.csv,2,0.006,10.0,100,24
c1e-4/run30.s0.002.Ua1.0.d300.csv,30,0.002,1.0,300,4
c1e-4/run7.s0.0006.Ua10.0.d200.csv,7,0.0006,10.0,200,3
c1e-4/run5.s0.002.Ua0.1.d400.csv,5,0.002,0.1,400,0
c1e-4/run17.s0.0006.Ua0.1.d400.csv,17,0.0006,0.1,400,1
c1e-4/run5.s0.006.Ua1.0.d300.csv,5,0.006,1.0,300,18
c1e-4/run9.s0.0002.Ua10.0.d100.csv,9,0.0002,10.0,100,0
c1e-4/run9.s0.0006.Ua1.0.d300.csv,9,0.0006,1.0,300,0
c1e-4/run22.s0.002.Ua10.0.d100.csv,22,0.002,10.0,100,9
c1e-4/run5.s0.0006.Ua0.1.d200.csv,5,0.0006,0.1,200,0
c1e-4/run28.s0.0002.Ua0.1.d200.csv,28,0.0002,0.1,200,0
c1e-4/run16.s0.0006.Ua0.1.d300.csv,16,0.0006,0.1,300,0
c1e-4/run9.s0.006.Ua1.0.d100.csv,9,0.006,1.0,100,6
c1e-4/run11.s0.0006.Ua1.0.d100.csv,11,0.0006,1.0,100,0
c1e-4/run30.s0.002.Ua1.0.d400.csv,30,0.002,1.0,400,5
c1e-4/run8.s0.002.Ua10.0.d100.csv,8,0.002,10.0,100,8
c1e-4/run25.s0.0002.Ua1.0.d100.csv,25,0.0002,1.0,100,0
c1e-4/run4.s0.002.Ua0.1.d400.csv,4,0.002,0.1,400,3
c1e-4/run22.s0.0002.Ua10.0.d300.csv,22,0.0002,10.0,300,0
c1e-4/run20.s0.006.Ua1.0.d100.csv,20,0.006,1.0,100,4
c1e-4/run4.s0.006.Ua1.0.d200.csv,4,0.006,1.0,200,5
c1e-4/run23.s0.0006.Ua10.0.d300.csv,23,0.0006,10.0,300,6
c1e-4/run8.s0.0002.Ua10.0.d300.csv,8,0.0002,10.0,300,1
c1e-4/run16.s0.002.Ua10.0.d200.csv,16,0.002,10.0,200,33
c1e-4/run30.s0.006.Ua1.0.d400.csv,30,0.006,1.0,400,17
c1e-4/run10.s0.002.Ua1.0.d100.csv,10,0.002,1.0,100,0
c1e-4/run7.s0.0006.Ua0.1.d400.csv,7,0.0006,0.1,400,0
c1e-4/run30.s0.0002.Ua0.1.d100.csv,30,0.0002,0.1,100,0
c1e-4/run19.s0.0006.Ua0.1.d100.csv,19,0.0006,0.1,100,0
c1e-4/run12.s0.002.Ua10.0.d100.csv,12,0.002,10.0,100,11
c1e-4/run20.s0.002.Ua0.1.d300.csv,20,0.002,0.1,300,1
c1e-4/run10.s0.0006.Ua0.1.d300.csv,10,0.0006,0.1,300,0
c1e-4/run22.s0.002.Ua10.0.d200.csv,22,0.002,10.0,200,26
c1e-4/run20.s0.0002.Ua1.0.d400.csv,20,0.0002,1.0,400,0
c1e-4/run21.s0.0002.Ua10.0.d100.csv,21,0.0002,10.0,100,0
c1e-4/run17.s0.002.Ua0.1.d100.csv,17,0.002,0.1,100,1
c1e-4/run26.s0.006.Ua10.0.d100.csv,26,0.006,10.0,100,20
c1e-4/run20.s0.0002.Ua0.1.d200.csv,20,0.0002,0.1,200,0
c1e-4/run5.s0.0006.Ua1.0.d100.csv,5,0.0006,1.0,100,0
c1e-4/run3.s0.0002.Ua0.1.d200.csv,3,0.0002,0.1,200,0
c1e-4/run22.s0.006.Ua0.1.d300.csv,22,0.006,0.1,300,3
c1e-4/run25.s0.0006.Ua10.0.d200.csv,25,0.0006,10.0,200,0
c1e-4/run12.s0.002.Ua1.0.d200.csv,12,0.002,1.0,200,0
c1e-4/run12.s0.0002.Ua0.1.d100.csv,12,0.0002,0.1,100,0
c1e-4/run17.s0.002.Ua0.1.d200.csv,17,0.002,0.1,200,0
c1e-4/run3.s0.006.Ua0.1.d200.csv,3,0.006,0.1,200,0
c1e-4/run25.s0.002.Ua0.1.d300.csv,25,0.002,0.1,300,0
c1e-4/run27.s0.006.Ua1.0.d400.csv,27,0.006,1.0,400,15
c1e-4/run7.s0.006.Ua10.0.d400.csv,7,0.006,10.0,400,140
c1e-4/run18.s0.0002.Ua1.0.d400.csv,18,0.0002,1.0,400,0
c1e-4/run19.s0.0002.Ua1.0.d200.csv,19,0.0002,1.0,200,0
c1e-4/run22.s0.006.Ua10.0.d100.csv,22,0.006,10.0,100,26
c1e-4/run15.s0.0002.Ua10.0.d100.csv,15,0.0002,10.0,100,0
c1e-4/run11.s0.006.Ua10.0.d100.csv,11,0.006,10.0,100,19
c1e-4/run16.s0.0002.Ua0.1.d400.csv,16,0.0002,0.1,400,0
c1e-4/run3.s0.0006.Ua0.1.d400.csv,3,0.0006,0.1,400,0
c1e-4/run24.s0.002.Ua0.1.d300.csv,24,0.002,0.1,300,0
c1e-4/run3.s0.0006.Ua10.0.d100.csv,3,0.0006,10.0,100,1
c1e-4/run23.s0.0006.Ua10.0.d200.csv,23,0.0006,10.0,200,3
c1e-4/run28.s0.002.Ua1.0.d100.csv,28,0.002,1.0,100,2
c1e-4/run3.s0.0002.Ua1.0.d400.csv,3,0.0002,1.0,400,0
c1e-4/run11.s0.006.Ua10.0.d200.csv,11,0.006,10.0,200,84
c1e-4/run4.s0.002.Ua0.1.d200.csv,4,0.002,0.1,200,0
c1e-4/run27.s0.0002.Ua1.0.d200.csv,27,0.0002,1.0,200,0
c1e-4/run13.s0.002.Ua1.0.d300.csv,13,0.002,1.0,300,9
c1e-4/run2.s0.006.Ua10.0.d300.csv,2,0.006,10.0,300,125
c1e-4/run1.s0.006.Ua0.1.d400.csv,1,0.006,0.1,400,0
c1e-4/run25.s0.0002.Ua0.1.d200.csv,25,0.0002,0.1,200,0
c1e-4/run14.s0.006.Ua1.0.d100.csv,14,0.006,1.0,100,2
c1e-4/run15.s0.006.Ua0.1.d100.csv,15,0.006,0.1,100,0
c1e-4/run16.s0.0002.Ua10.0.d300.csv,16,0.0002,10.0,300,1
c1e-4/run10.s0.0002.Ua0.1.d200.csv,10,0.0002,0.1,200,0
c1e-4/run22.s0.0002.Ua1.0.d400.csv,22,0.0002,1.0,400,0
c1e-4/run27.s0.0006.Ua1.0.d400.csv,27,0.0006,1.0,400,1
c1e-4/run10.s0.002.Ua0.1.d400.csv,10,0.002,0.1,400,0
c1e-4/run19.s0.006.Ua10.0.d300.csv,19,0.006,10.0,300,159
c1e-4/run20.s0.002.Ua0.1.d400.csv,20,0.002,0.1,400,0
c1e-4/run10.s0.002.Ua10.0.d300.csv,10,0.002,10.0,300,47
c1e-4/run6.s0.002.Ua1.0.d200.csv,6,0.002,1.0,200,2
c1e-4/run23.s0.006.Ua10.0.d100.csv,23,0.006,10.0,100,29
c1e-4/run6.s0.002.Ua0.1.d400.csv,6,0.002,0.1,400,0
c1e-4/run1.s0.002.Ua10.0.d200.csv,1,0.002,10.0,200,21
c1e-4/run8.s0.0002.Ua1.0.d200.csv,8,0.0002,1.0,200,0
c1e-4/run11.s0.0002.Ua1.0.d200.csv,11,0.0002,1.0,200,0
c1e-4/run11.s0.0006.Ua10.0.d400.csv,11,0.0006,10.0,400,12
c1e-4/run13.s0.0006.Ua0.1.d300.csv,13,0.0006,0.1,300,0
c1e-4/run27.s0.002.Ua1.0.d400.csv,27,0.002,1.0,400,9
c1e-4/run5.s0.006.Ua10.0.d200.csv,5,0.006,10.0,200,78
c1e-4/run28.s0.0002.Ua10.0.d300.csv,28,0.0002,10.0,300,0
c1e-4/run24.s0.002.Ua10.0.d400.csv,24,0.002,10.0,400,56
c1e-4/run27.s0.0002.Ua0.1.d300.csv,27,0.0002,0.1,300,0
c1e-4/run26.s0.0006.Ua1.0.d300.csv,26,0.0006,1.0,300,0
c1e-4/run23.s0.002.Ua10.0.d400.csv,23,0.002,10.0,400,68
c1e-4/run6.s0.0006.Ua10.0.d400.csv,6,0.0006,10.0,400,14
c1e-4/run7.s0.002.Ua0.1.d300.csv,7,0.002,0.1,300,2
c1e-4/run22.s0.006.Ua0.1.d100.csv,22,0.006,0.1,100,0
c1e-4/run2.s0.0002.Ua10.0.d200.csv,2,0.0002,10.0,200,0
c1e-4/run3.s0.006.Ua10.0.d200.csv,3,0.006,10.0,200,81
c1e-4/run15.s0.002.Ua0.1.d200.csv,15,0.002,0.1,200,1
c1e-4/run13.s0.0006.Ua1.0.d400.csv,13,0.0006,1.0,400,1
c1e-4/run9.s0.0002.Ua0.1.d200.csv,9,0.0002,0.1,200,0
c1e-4/run24.s0.0002.Ua1.0.d400.csv,24,0.0002,1.0,400,0
c1e-4/run23.s0.006.Ua0.1.d300.csv,23,0.006,0.1,300,1
c1e-4/run13.s0.006.Ua1.0.d200.csv,13,0.006,1.0,200,7
c1e-4/run9.s0.0002.Ua10.0.d200.csv,9,0.0002,10.0,200,0
c1e-4/run11.s0.0006.Ua1.0.d200.csv,11,0.0006,1.0,200,0
c1e-4/run8.s0.006.Ua1.0.d300.csv,8,0.006,1.0,300,10
c1e-4/run4.s0.0006.Ua0.1.d200.csv,4,0.0006,0.1,200,0
c1e-4/run17.s0.0006.Ua10.0.d300.csv,17,0.0006,10.0,300,7
c1e-4/run5.s0.002.Ua10.0.d100.csv,5,0.002,10.0,100,5
c1e-4/run18.s0.0006.Ua0.1.d100.csv,18,0.0006,0.1,100,0
c1e-4/run18.s0.006.Ua1.0.d300.csv,18,0.006,1.0,300,12
c1e-4/run27.s0.002.Ua10.0.d300.csv,27,0.002,10.0,300,52
c1e-4/run17.s0.002.Ua1.0.d400.csv,17,0.002,1.0,400,5
c1e-4/run7.s0.006.Ua0.1.d300.csv,7,0.006,0.1,300,1
c1e-4/run8.s0.0002.Ua10.0.d200.csv,8,0.0002,10.0,200,0
c1e-4/run10.s0.0006.Ua1.0.d200.csv,10,0.0006,1.0,200,0
c1e-4/run22.s0.002.Ua1.0.d200.csv,22,0.002,1.0,200,1
c1e-4/run17.s0.0006.Ua10.0.d200.csv,17,0.0006,10.0,200,3
c1e-4/run18.s0.002.Ua10.0.d200.csv,18,0.002,10.0,200,27
c1e-4/run28.s0.0006.Ua10.0.d200.csv,28,0.0006,10.0,200,4
c1e-4/run14.s0.0006.Ua0.1.d300.csv,14,0.0006,0.1,300,0
c1e-4/run9.s0.0002.Ua1.0.d300.csv,9,0.0002,1.0,300,0
c1e-4/run12.s0.0002.Ua10.0.d100.csv,12,0.0002,10.0,100,0
c1e-4/run8.s0.006.Ua0.1.d400.csv,8,0.006,0.1,400,1
c1e-4/run7.s0.002.Ua1.0.d100.csv,7,0.002,1.0,100,1
c1e-4/run19.s0.006.Ua1.0.d100.csv,19,0.006,1.0,100,4
c1e-4/run8.s0.006.Ua0.1.d300.csv,8,0.006,0.1,300,0
c1e-4/run22.s0.002.Ua10.0.d400.csv,22,0.002,10.0,400,69
c1e-4/run10.s0.0006.Ua0.1.d400.csv,10,0.0006,0.1,400,0
c1e-4/run24.s0.002.Ua1.0.d400.csv,24,0.002,1.0,400,7
c1e-4/run30.s0.002.Ua1.0.d200.csv,30,0.002,1.0,200,5
c1e-4/run3.s0.006.Ua1.0.d400.csv,3,0.006,1.0,400,16
c1e-4/run4.s0.0006.Ua1.0.d100.csv,4,0.0006,1.0,100,0
c1e-4/run15.s0.002.Ua0.1.d300.csv,15,0.002,0.1,300,0
c1e-4/run22.s0.0006.Ua10.0.d200.csv,22,0.0006,10.0,200,2
c1e-4/run30.s0.006.Ua1.0.d100.csv,30,0.006,1.0,100,6
c1e-4/run26.s0.0006.Ua0.1.d300.csv,26,0.0006,0.1,300,0
c1e-4/run11.s0.006.Ua1.0.d300.csv,11,0.006,1.0,300,8
c1e-4/run15.s0.002.Ua1.0.d300.csv,15,0.002,1.0,300,3
c1e-4/run12.s0.0006.Ua1.0.d300.csv,12,0.0006,1.0,300,0
c1e-4/run2.s0.0002.Ua0.1.d300.csv,2,0.0002,0.1,300,0
c1e-4/run26.s0.002.Ua0.1.d200.csv,26,0.002,0.1,200,1
c1e-4/run6.s0.0002.Ua10.0.d200.csv,6,0.0002,10.0,200,0
c1e-4/run15.s0.0002.Ua0.1.d200.csv,15,0.0002,0.1,200,0
c1e-4/run18.s0.0002.Ua1.0.d200.csv,18,0.0002,1.0,200,0
c1e-4/run3.s0.002.Ua0.1.d100.csv,3,0.002,0.1,100,0
c1e-4/run16.s0.002.Ua10.0.d100.csv,16,0.002,10.0,100,2
c1e-4/run11.s0.0002.Ua1.0.d400.csv,11,0.0002,1.0,400,0
c1e-4/run25.s0.0006.Ua0.1.d100.csv,25,0.0006,0.1,100,0
c1e-4/run28.s0.0002.Ua10.0.d200.csv,28,0.0002,10.0,200,0
c1e-4/run16.s0.002.Ua0.1.d400.csv,16,0.002,0.1,400,1
c1e-4/run1.s0.0002.Ua1.0.d300.csv,1,0.0002,1.0,300,0
c1e-4/run16.s0.006.Ua10.0.d100.csv,16,0.006,10.0,100,23
c1e-4/run22.s0.0006.Ua10.0.d300.csv,22,0.0006,10.0,300,12
c1e-4/run12.s0.002.Ua0.1.d300.csv,12,0.002,0.1,300,0
c1e-4/run7.s0.002.Ua0.1.d100.csv,7,0.002,0.1,100,0
c1e-4/run14.s0.0006.Ua0.1.d200.csv,14,0.0006,0.1,200,0
c1e-4/run26.s0.006.Ua0.1.d300.csv,26,0.006,0.1,300,1
c1e-4/run7.s0.002.Ua10.0.d100.csv,7,0.002,10.0,100,5
c1e-4/run27.s0.002.Ua10.0.d200.csv,27,0.002,10.0,200,30
c1e-4/run9.s0.0002.Ua10.0.d300.csv,9,0.0002,10.0,300,1
c1e-4/run21.s0.0002.Ua10.0.d200.csv,21,0.0002,10.0,200,0
c1e-4/run29.s0.0006.Ua0.1.d400.csv,29,0.0006,0.1,400,0
c1e-4/run24.s0.006.Ua1.0.d200.csv,24,0.006,1.0,200,9
c1e-4/run7.s0.0006.Ua1.0.d400.csv,7,0.0006,1.0,400,2
c1e-4/run22.s0.006.Ua1.0.d200.csv,22,0.006,1.0,200,5
c1e-4/run12.s0.002.Ua10.0.d200.csv,12,0.002,10.0,200,23
c1e-4/run28.s0.006.Ua10.0.d100.csv,28,0.006,10.0,100,24
c1e-4/run7.s0.0006.Ua10.0.d100.csv,7,0.0006,10.0,100,0
c1e-4/run26.s0.006.Ua0.1.d400.csv,26,0.006,0.1,400,1
c1e-4/run30.s0.0006.Ua10.0.d300.csv,30,0.0006,10.0,300,12
c1e-4/run22.s0.002.Ua0.1.d100.csv,22,0.002,0.1,100,0
c1e-4/run13.s0.0002.Ua1.0.d300.csv,13,0.0002,1.0,300,0
c1e-4/run10.s0.006.Ua0.1.d200.csv,10,0.006,0.1,200,0
c1e-4/run12.s0.002.Ua10.0.d400.csv,12,0.002,10.0,400,65
c1e-4/run14.s0.0006.Ua0.1.d400.csv,14,0.0006,0.1,400,0
c1e-4/run6.s0.002.Ua10.0.d300.csv,6,0.002,10.0,300,47
c1e-4/run1.s0.0006.Ua0.1.d100.csv,1,0.0006,0.1,100,0
c1e-4/run7.s0.0002.Ua10.0.d200.csv,7,0.0002,10.0,200,0
c1e-4/run20.s0.002.Ua0.1.d200.csv,20,0.002,0.1,200,0
c1e-4/run11.s0.002.Ua1.0.d100.csv,11,0.002,1.0,100,0
c1e-4/run28.s0.0006.Ua0.1.d200.csv,28,0.0006,0.1,200,0
c1e-4/run20.s0.006.Ua0.1.d100.csv,20,0.006,0.1,100,1
c1e-4/run28.s0.0002.Ua1.0.d200.csv,28,0.0002,1.0,200,0
c1e-4/run27.s0.0006.Ua0.1.d100.csv,27,0.0006,0.1,100,0
c1e-4/run23.s0.0006.Ua10.0.d100.csv,23,0.0006,10.0,100,0
c1e-4/run12.s0.0006.Ua0.1.d400.csv,12,0.0006,0.1,400,1
c1e-4/run1.s0.0006.Ua1.0.d100.csv,1,0.0006,1.0,100,0
c1e-4/run29.s0.0002.Ua0.1.d100.csv,29,0.0002,0.1,100,0
c1e-4/run6.s0.0002.Ua10.0.d400.csv,6,0.0002,10.0,400,1
c1e-4/run6.s0.0002.Ua10.0.d300.csv,6,0.0002,10.0,300,0
c1e-4/run20.s0.006.Ua0.1.d200.csv,20,0.006,0.1,200,0
c1e-4/run14.s0.002.Ua1.0.d400.csv,14,0.002,1.0,400,7
c1e-4/run9.s0.0002.Ua0.1.d100.csv,9,0.0002,0.1,100,0
c1e-4/run24.s0.002.Ua10.0.d200.csv,24,0.002,10.0,200,15
c1e-4/run16.s0.002.Ua0.1.d200.csv,16,0.002,0.1,200,0
c1e-4/run20.s0.006.Ua10.0.d100.csv,20,0.006,10.0,100,26
c1e-4/run23.s0.0006.Ua1.0.d400.csv,23,0.0006,1.0,400,0
c1e-4/run27.s0.0006.Ua1.0.d300.csv,27,0.0006,1.0,300,1
c1e-4/run21.s0.006.Ua0.1.d400.csv,21,0.006,0.1,400,2
c1e-4/run2.s0.0006.Ua0.1.d400.csv,2,0.0006,0.1,400,0
c1e-4/run15.s0.0006.Ua10.0.d400.csv,15,0.0006,10.0,400,15
c1e-4/run29.s0.0006.Ua10.0.d400.csv,29,0.0006,10.0,400,14
c1e-4/run17.s0.006.Ua0.1.d400.csv,17,0.006,0.1,400,3
c1e-4/run15.s0.0002.Ua0.1.d400.csv,15,0.0002,0.1,400,0
c1e-4/run6.s0.0002.Ua1.0.d300.csv,6,0.0002,1.0,300,0
c1e-4/run7.s0.002.Ua10.0.d400.csv,7,0.002,10.0,400,73
c1e-4/run6.s0.0002.Ua0.1.d200.csv,6,0.0002,0.1,200,0
c1e-4/run14.s0.0006.Ua10.0.d200.csv,14,0.0006,10.0,200,2
c1e-4/run3.s0.006.Ua1.0.d200.csv,3,0.006,1.0,200,6
c1e-4/run22.s0.0006.Ua0.1.d300.csv,22,0.0006,0.1,300,0
c1e-4/run10.s0.002.Ua10.0.d200.csv,10,0.002,10.0,200,22
c1e-4/run22.s0.0002.Ua1.0.d300.csv,22,0.0002,1.0,300,0
c1e-4/run10.s0.002.Ua1.0.d400.csv,10,0.002,1.0,400,8
c1e-4/run6.s0.006.Ua1.0.d200.csv,6,0.006,1.0,200,4
c1e-4/run1.s0.0002.Ua10.0.d200.csv,1,0.0002,10.0,200,0
c1e-4/run21.s0.006.Ua10.0.d200.csv,21,0.006,10.0,200,70
c1e-4/run23.s0.0006.Ua0.1.d300.csv,23,0.0006,0.1,300,0
c1e-4/run5.s0.002.Ua1.0.d200.csv,5,0.002,1.0,200,4
c1e-4/run26.s0.0006.Ua10.0.d200.csv,26,0.0006,10.0,200,5
c1e-4/run12.s0.0002.Ua0.1.d400.csv,12,0.0002,0.1,400,0
c1e-4/run15.s0.0006.Ua10.0.d300.csv,15,0.0006,10.0,300,8
c1e-4/run24.s0.0002.Ua1.0.d300.csv,24,0.0002,1.0,300,0
c1e-4/run24.s0.006.Ua1.0.d300.csv,24,0.006,1.0,300,14
c1e-4/run29.s0.0006.Ua1.0.d300.csv,29,0.0006,1.0,300,1
c1e-4/run7.s0.0002.Ua1.0.d400.csv,7,0.0002,1.0,400,0
c1e-4/run23.s0.0006.Ua0.1.d400.csv,23,0.0006,0.1,400,0
c1e-4/run12.s0.0002.Ua1.0.d100.csv,12,0.0002,1.0,100,0
c1e-4/run6.s0.006.Ua10.0.d200.csv,6,0.006,10.0,200,89
c1e-4/run6.s0.0002.Ua1.0.d200.csv,6,0.0002,1.0,200,0
c1e-4/run27.s0.0006.Ua10.0.d200.csv,27,0.0006,10.0,200,1
c1e-4/run15.s0.0002.Ua10.0.d200.csv,15,0.0002,10.0,200,0
c1e-4/run29.s0.002.Ua0.1.d100.csv,29,0.002,0.1,100,0
c1e-4/run26.s0.0006.Ua10.0.d400.csv,26,0.0006,10.0,400,12
c1e-4/run15.s0.0006.Ua10.0.d100.csv,15,0.0006,10.0,100,0
c1e-4/run21.s0.006.Ua1.0.d100.csv,21,0.006,1.0,100,1
c1e-4/run16.s0.002.Ua1.0.d400.csv,16,0.002,1.0,400,6
c1e-4/run10.s0.002.Ua10.0.d400.csv,10,0.002,10.0,400,68
c1e-4/run25.s0.0002.Ua10.0.d400.csv,25,0.0002,10.0,400,0
c1e-4/run21.s0.0006.Ua1.0.d200.csv,21,0.0006,1.0,200,0
c1e-4/run25.s0.0006.Ua1.0.d400.csv,25,0.0006,1.0,400,1
c1e-4/run11.s0.0002.Ua10.0.d200.csv,11,0.0002,10.0,200,0
c1e-4/run7.s0.0002.Ua0.1.d100.csv,7,0.0002,0.1,100,0
c1e-4/run22.s0.002.Ua10.0.d300.csv,22,0.002,10.0,300,55
c1e-4/run27.s0.0006.Ua1.0.d200.csv,27,0.0006,1.0,200,1
c1e-4/run21.s0.002.Ua10.0.d100.csv,21,0.002,10.0,100,5
c1e-4/run23.s0.0002.Ua1.0.d400.csv,23,0.0002,1.0,400,0
c1e-4/run19.s0.0006.Ua0.1.d400.csv,19,0.0006,0.1,400,0
c1e-4/run22.s0.006.Ua10.0.d200.csv,22,0.006,10.0,200,67
c1e-4/run1.s0.006.Ua10.0.d300.csv,1,0.006,10.0,300,121
c1e-4/run18.s0.0006.Ua1.0.d200.csv,18,0.0006,1.0,200,0
c1e-4/run20.s0.006.Ua1.0.d400.csv,20,0.006,1.0,400,17
c1e-4/run6.s0.006.Ua10.0.d300.csv,6,0.006,10.0,300,135
c1e-4/run4.s0.0002.Ua0.1.d400.csv,4,0.0002,0.1,400,0
c1e-4/run23.s0.0002.Ua1.0.d200.csv,23,0.0002,1.0,200,0
c1e-4/run28.s0.002.Ua1.0.d400.csv,28,0.002,1.0,400,3
c1e-4/run27.s0.002.Ua0.1.d400.csv,27,0.002,0.1,400,0
c1e-4/run22.s0.0002.Ua10.0.d400.csv,22,0.0002,10.0,400,1
c1e-4/run29.s0.0006.Ua1.0.d200.csv,29,0.0006,1.0,200,0
c1e-4/run3.s0.002.Ua10.0.d400.csv,3,0.002,10.0,400,63
c1e-4/run10.s0.0006.Ua1.0.d400.csv,10,0.0006,1.0,400,2
c1e-4/run9.s0.0006.Ua10.0.d300.csv,9,0.0006,10.0,300,7
c1e-4/run17.s0.006.Ua10.0.d200.csv,17,0.006,10.0,200,91
c1e-4/run27.s0.0002.Ua0.1.d200.csv,27,0.0002,0.1,200,0
c1e-4/run30.s0.002.Ua10.0.d300.csv,30,0.002,10.0,300,40
c1e-4/run20.s0.006.Ua10.0.d400.csv,20,0.006,10.0,400,149
c1e-4/run4.s0.002.Ua10.0.d300.csv,4,0.002,10.0,300,51
c1e-4/run20.s0.0006.Ua1.0.d100.csv,20,0.0006,1.0,100,0
c1e-4/run8.s0.0002.Ua1.0.d300.csv,8,0.0002,1.0,300,0
c1e-4/run14.s0.0006.Ua10.0.d400.csv,14,0.0006,10.0,400,13
c1e-4/run19.s0.002.Ua1.0.d100.csv,19,0.002,1.0,100,0
c1e-4/run21.s0.0002.Ua1.0.d400.csv,21,0.0002,1.0,400,0
c1e-4/run12.s0.002.Ua1.0.d400.csv,12,0.002,1.0,400,3
c1e-4/run17.s0.002.Ua0.1.d300.csv,17,0.002,0.1,300,0
c1e-4/run23.s0.002.Ua0.1.d300.csv,23,0.002,0.1,300,0
c1e-4/run23.s0.002.Ua1.0.d400.csv,23,0.002,1.0,400,10
c1e-4/run16.s0.0006.Ua10.0.d400.csv,16,0.0006,10.0,400,14
c1e-4/run8.s0.002.Ua0.1.d400.csv,8,0.002,0.1,400,1
c1e-4/run11.s0.002.Ua1.0.d400.csv,11,0.002,1.0,400,6
c1e-4/run5.s0.0002.Ua10.0.d100.csv,5,0.0002,10.0,100,0
c1e-4/run18.s0.0006.Ua10.0.d100.csv,18,0.0006,10.0,100,1
c1e-4/run5.s0.006.Ua1.0.d400.csv,5,0.006,1.0,400,11
c1e-4/run28.s0.006.Ua1.0.d400.csv,28,0.006,1.0,400,21
c1e-4/run21.s0.0006.Ua0.1.d400.csv,21,0.0006,0.1,400,0
c1e-4/run3.s0.006.Ua0.1.d300.csv,3,0.006,0.1,300,0
c1e-4/run2.s0.006.Ua0.1.d300.csv,2,0.006,0.1,300,3
c1e-4/run14.s0.006.Ua10.0.d400.csv,14,0.006,10.0,400,181
c1e-4/run30.s0.0006.Ua1.0.d300.csv,30,0.0006,1.0,300,0
c1e-4/run19.s0.0006.Ua0.1.d300.csv,19,0.0006,0.1,300,0
c1e-4/run23.s0.002.Ua0.1.d100.csv,23,0.002,0.1,100,0
c1e-4/run24.s0.002.Ua10.0.d300.csv,24,0.002,10.0,300,47
c1e-4/run12.s0.0002.Ua10.0.d200.csv,12,0.0002,10.0,200,0
c1e-4/run29.s0.002.Ua10.0.d200.csv,29,0.002,10.0,200,24
c1e-4/run23.s0.0006.Ua1.0.d300.csv,23,0.0006,1.0,300,1
c1e-4/run21.s0.002.Ua10.0.d300.csv,21,0.002,10.0,300,35
c1e-4/run20.s0.0002.Ua10.0.d400.csv,20,0.0002,10.0,400,0
c1e-4/run14.s0.002.Ua1.0.d200.csv,14,0.002,1.0,200,2
c1e-4/run30.s0.0002.Ua0.1.d300.csv,30,0.0002,0.1,300,0
c1e-4/run9.s0.0006.Ua0.1.d300.csv,9,0.0006,0.1,300,0
c1e-4/run14.s0.006.Ua10.0.d300.csv,14,0.006,10.0,300,125
c1e-4/run3.s0.006.Ua0.1.d100.csv,3,0.006,0.1,100,1
c1e-4/run17.s0.0006.Ua10.0.d100.csv,17,0.0006,10.0,100,0
c1e-4/run11.s0.0006.Ua1.0.d300.csv,11,0.0006,1.0,300,1
c1e-4/run3.s0.0006.Ua10.0.d200.csv,3,0.0006,10.0,200,1
c1e-4/run28.s0.0002.Ua10.0.d100.csv,28,0.0002,10.0,100,0
c1e-4/run24.s0.0006.Ua0.1.d200.csv,24,0.0006,0.1,200,0
c1e-4/run14.s0.002.Ua0.1.d200.csv,14,0.002,0.1,200,0
c1e-4/run6.s0.002.Ua0.1.d200.csv,6,0.002,0.1,200,0
c1e-4/run26.s0.0002.Ua1.0.d100.csv,26,0.0002,1.0,100,0
c1e-4/run1.s0.0006.Ua0.1.d200.csv,1,0.0006,0.1,200,0
c1e-4/run20.s0.002.Ua1.0.d100.csv,20,0.002,1.0,100,2
c1e-4/run1.s0.006.Ua1.0.d200.csv,1,0.006,1.0,200,2
c1e-4/run23.s0.0006.Ua0.1.d200.csv,23,0.0006,0.1,200,0
c1e-4/run23.s0.002.Ua0.1.d200.csv,23,0.002,0.1,200,0
c1e-4/run8.s0.0006.Ua1.0.d300.csv,8,0.0006,1.0,300,1
c1e-4/run27.s0.006.Ua10.0.d400.csv,27,0.006,10.0,400,156
c1e-4/run4.s0.0002.Ua1.0.d100.csv,4,0.0002,1.0,100,0
c1e-4/run16.s0.0002.Ua10.0.d100.csv,16,0.0002,10.0,100,0
c1e-4/run6.s0.0006.Ua10.0.d200.csv,6,0.0006,10.0,200,1
c1e-4/run8.s0.0006.Ua0.1.d300.csv,8,0.0006,0.1,300,0
c1e-4/run20.s0.0002.Ua1.0.d300.csv,20,0.0002,1.0,300,0
c1e-4/run16.s0.0002.Ua1.0.d100.csv,16,0.0002,1.0,100,0
c1e-4/run21.s0.006.Ua0.1.d100.csv,21,0.006,0.1,100,0
c1e-4/run15.s0.0002.Ua1.0.d300.csv,15,0.0002,1.0,300,1
c1e-4/run8.s0.002.Ua1.0.d200.csv,8,0.002,1.0,200,2
c1e-4/run28.s0.0006.Ua0.1.d300.csv,28,0.0006,0.1,300,0
c1e-4/run17.s0.0002.Ua10.0.d400.csv,17,0.0002,10.0,400,1
c1e-4/run8.s0.002.Ua0.1.d200.csv,8,0.002,0.1,200,0
c1e-4/run6.s0.006.Ua0.1.d400.csv,6,0.006,0.1,400,3
c1e-4/run5.s0.006.Ua1.0.d200.csv,5,0.006,1.0,200,9
c1e-4/run3.s0.006.Ua10.0.d300.csv,3,0.006,10.0,300,146
c1e-4/run7.s0.0006.Ua10.0.d300.csv,7,0.0006,10.0,300,6
c1e-4/run2.s0.006.Ua0.1.d100.csv,2,0.006,0.1,100,1
c1e-4/run18.s0.0006.Ua0.1.d200.csv,18,0.0006,0.1,200,0
c1e-4/run17.s0.0006.Ua1.0.d300.csv,17,0.0006,1.0,300,1
c1e-4/run24.s0.006.Ua0.1.d400.csv,24,0.006,0.1,400,2
c1e-4/run29.s0.006.Ua10.0.d200.csv,29,0.006,10.0,200,93
c1e-4/run29.s0.0002.Ua1.0.d100.csv,29,0.0002,1.0,100,0
c1e-4/run9.s0.006.Ua1.0.d400.csv,9,0.006,1.0,400,10
c1e-4/run12.s0.006.Ua1.0.d200.csv,12,0.006,1.0,200,6
c1e-4/run3.s0.002.Ua10.0.d100.csv,3,0.002,10.0,100,3
c1e-4/run21.s0.002.Ua1.0.d100.csv,21,0.002,1.0,100,1
c1e-4/run5.s0.0006.Ua10.0.d100.csv,5,0.0006,10.0,100,0
c1e-4/run3.s0.002.Ua1.0.d400.csv,3,0.002,1.0,400,3
c1e-4/run28.s0.002.Ua1.0.d300.csv,28,0.002,1.0,300,1
c1e-4/run12.s0.0002.Ua10.0.d300.csv,12,0.0002,10.0,300,2
c1e-4/run20.s0.0002.Ua10.0.d200.csv,20,0.0002,10.0,200,0
c1e-4/run24.s0.0006.Ua10.0.d400.csv,24,0.0006,10.0,400,11
c1e-4/run6.s0.0002.Ua0.1.d300.csv,6,0.0002,0.1,300,0
c1e-4/run12.s0.0002.Ua1.0.d300.csv,12,0.0002,1.0,300,0
c1e-4/run14.s0.0002.Ua10.0.d300.csv,14,0.0002,10.0,300,1
c1e-4/run22.s0.006.Ua0.1.d200.csv,22,0.006,0.1,200,3
c1e-4/run5.s0.002.Ua0.1.d300.csv,5,0.002,0.1,300,0
c1e-4/run13.s0.002.Ua10.0.d300.csv,13,0.002,10.0,300,46
c1e-4/run16.s0.002.Ua10.0.d300.csv,16,0.002,10.0,300,49
c1e-4/run29.s0.006.Ua10.0.d100.csv,29,0.006,10.0,100,25
c1e-4/run21.s0.006.Ua1.0.d300.csv,21,0.006,1.0,300,17
c1e-4/run1.s0.006.Ua0.1.d300.csv,1,0.006,0.1,300,0
c1e-4/run13.s0.0002.Ua10.0.d300.csv,13,0.0002,10.0,300,1
c1e-4/run5.s0.002.Ua10.0.d400.csv,5,0.002,10.0,400,71
c1e-4/run23.s0.002.Ua1.0.d100.csv,23,0.002,1.0,100,0
c1e-4/run6.s0.0002.Ua1.0.d100.csv,6,0.0002,1.0,100,0
c1e-4/run22.s0.0006.Ua0.1.d400.csv,22,0.0006,0.1,400,1
c1e-4/run10.s0.0006.Ua1.0.d100.csv,10,0.0006,1.0,100,0
c1e-4/run5.s0.006.Ua10.0.d300.csv,5,0.006,10.0,300,135
c1e-4/run25.s0.002.Ua10.0.d300.csv,25,0.002,10.0,300,46
c1e-4/run3.s0.002.Ua1.0.d300.csv,3,0.002,1.0,300,6
c1e-4/run29.s0.0006.Ua10.0.d200.csv,29,0.0006,10.0,200,1
c1e-4/run7.s0.006.Ua10.0.d300.csv,7,0.006,10.0,300,145
c1e-4/run29.s0.002.Ua1.0.d400.csv,29,0.002,1.0,400,5
c1e-4/run19.s0.006.Ua0.1.d400.csv,19,0.006,0.1,400,1
c1e-4/run19.s0.006.Ua10.0.d400.csv,19,0.006,10.0,400,162
c1e-4/run17.s0.002.Ua1.0.d200.csv,17,0.002,1.0,200,3
c1e-4/run2.s0.002.Ua10.0.d400.csv,2,0.002,10.0,400,77
c1e-4/run2.s0.0006.Ua0.1.d200.csv,2,0.0006,0.1,200,0
c1e-4/run19.s0.002.Ua0.1.d200.csv,19,0.002,0.1,200,0
c1e-4/run9.s0.0002.Ua1.0.d100.csv,9,0.0002,1.0,100,0
c1e-4/run24.s0.006.Ua0.1.d300.csv,24,0.006,0.1,300,3
c1e-4/run20.s0.0002.Ua0.1.d300.csv,20,0.0002,0.1,300,0
c1e-4/run23.s0.0006.Ua1.0.d200.csv,23,0.0006,1.0,200,0
c1e-4/run2.s0.0006.Ua10.0.d200.csv,2,0.0006,10.0,200,2
c1e-4/run2.s0.002.Ua0.1.d100.csv,2,0.002,0.1,100,0
c1e-4/run14.s0.0006.Ua1.0.d100.csv,14,0.0006,1.0,100,0
c1e-4/run27.s0.002.Ua1.0.d300.csv,27,0.002,1.0,300,3
c1e-4/run11.s0.006.Ua1.0.d400.csv,11,0.006,1.0,400,18
c1e-4/run12.s0.002.Ua1.0.d300.csv,12,0.002,1.0,300,4
c1e-4/run11.s0.0002.Ua10.0.d300.csv,11,0.0002,10.0,300,0
c1e-4/run4.s0.002.Ua1.0.d100.csv,4,0.002,1.0,100,0
c1e-4/run1.s0.006.Ua10.0.d400.csv,1,0.006,10.0,400,188
c1e-4/run18.s0.0006.Ua0.1.d300.csv,18,0.0006,0.1,300,0
c1e-4/run14.s0.006.Ua0.1.d200.csv,14,0.006,0.1,200,2
c1e-4/run4.s0.006.Ua0.1.d100.csv,4,0.006,0.1,100,1
c1e-4/run16.s0.006.Ua0.1.d200.csv,16,0.006,0.1,200,0
c1e-4/run7.s0.002.Ua10.0.d300.csv,7,0.002,10.0,300,56
c1e-4/run25.s0.002.Ua10.0.d200.csv,25,0.002,10.0,200,36
c1e-4/run4.s0.0006.Ua0.1.d100.csv,4,0.0006,0.1,100,0
c1e-4/run22.s0.002.Ua1.0.d300.csv,22,0.002,1.0,300,2
c1e-4/run3.s0.0006.Ua10.0.d300.csv,3,0.0006,10.0,300,10
c1e-4/run4.s0.002.Ua10.0.d200.csv,4,0.002,10.0,200,33
c1e-4/run4.s0.006.Ua1.0.d100.csv,4,0.006,1.0,100,4
c1e-4/run10.s0.002.Ua0.1.d100.csv,10,0.002,0.1,100,0
c1e-4/run5.s0.002.Ua1.0.d300.csv,5,0.002,1.0,300,5
c1e-4/run6.s0.0006.Ua0.1.d200.csv,6,0.0006,0.1,200,0
c1e-4/run25.s0.002.Ua1.0.d400.csv,25,0.002,1.0,400,6
c1e-4/run7.s0.0006.Ua1.0.d100.csv,7,0.0006,1.0,100,0
c1e-4/run21.s0.0006.Ua0.1.d100.csv,21,0.0006,0.1,100,0
c1e-4/run10.s0.006.Ua0.1.d300.csv,10,0.006,0.1,300,0
c1e-4/run20.s0.0006.Ua1.0.d200.csv,20,0.0006,1.0,200,0
c1e-4/run1.s0.002.Ua1.0.d200.csv,1,0.002,1.0,200,5
c1e-4/run25.s0.0002.Ua0.1.d300.csv,25,0.0002,0.1,300,0
c1e-4/run2.s0.002.Ua1.0.d200.csv,2,0.002,1.0,200,4
c1e-4/run10.s0.002.Ua1.0.d200.csv,10,0.002,1.0,200,0
c1e-4/run30.s0.0006.Ua0.1.d200.csv,30,0.0006,0.1,200,0
c1e-4/run25.s0.006.Ua10.0.d400.csv,25,0.006,10.0,400,153
c1e-4/run13.s0.0006.Ua1.0.d100.csv,13,0.0006,1.0,100,0
c1e-4/run26.s0.002.Ua1.0.d400.csv,26,0.002,1.0,400,5
c1e-4/run24.s0.006.Ua10.0.d400.csv,24,0.006,10.0,400,155
c1e-4/run21.s0.0002.Ua0.1.d300.csv,21,0.0002,0.1,300,0
c1e-4/run14.s0.0006.Ua1.0.d300.csv,14,0.0006,1.0,300,0
c1e-4/run3.s0.006.Ua1.0.d100.csv,3,0.006,1.0,100,3
c1e-4/run2.s0.0006.Ua0.1.d300.csv,2,0.0006,0.1,300,0
c1e-4/run15.s0.006.Ua10.0.d400.csv,15,0.006,10.0,400,156
c1e-4/run8.s0.0002.Ua10.0.d400.csv,8,0.0002,10.0,400,1
c1e-4/run12.s0.0006.Ua10.0.d100.csv,12,0.0006,10.0,100,0
c1e-4/run21.s0.006.Ua1.0.d200.csv,21,0.006,1.0,200,4
c1e-4/run14.s0.0002.Ua1.0.d100.csv,14,0.0002,1.0,100,0
c1e-4/run22.s0.002.Ua1.0.d100.csv,22,0.002,1.0,100,0
c1e-4/run4.s0.002.Ua0.1.d300.csv,4,0.002,0.1,300,1
c1e-4/run12.s0.006.Ua10.0.d400.csv,12,0.006,10.0,400,160
c1e-4/run9.s0.006.Ua0.1.d300.csv,9,0.006,0.1,300,1
c1e-4/run20.s0.002.Ua10.0.d200.csv,20,0.002,10.0,200,26
c1e-4/run7.s0.006.Ua1.0.d200.csv,7,0.006,1.0,200,14
c1e-4/run13.s0.006.Ua10.0.d400.csv,13,0.006,10.0,400,157
c1e-4/run24.s0.0006.Ua0.1.d400.csv,24,0.0006,0.1,400,0
c1e-4/run16.s0.002.Ua10.0.d400.csv,16,0.002,10.0,400,76
c1e-4/run28.s0.0002.Ua1.0.d100.csv,28,0.0002,1.0,100,0
c1e-4/run7.s0.0006.Ua0.1.d100.csv,7,0.0006,0.1,100,0
c1e-4/run15.s0.006.Ua10.0.d300.csv,15,0.006,10.0,300,133
c1e-4/run30.s0.006.Ua0.1.d200.csv,30,0.006,0.1,200,0
c1e-4/run8.s0.0006.Ua10.0.d200.csv,8,0.0006,10.0,200,4
c1e-4/run14.s0.002.Ua10.0.d100.csv,14,0.002,10.0,100,6
c1e-4/run8.s0.006.Ua10.0.d400.csv,8,0.006,10.0,400,138
c1e-4/run18.s0.002.Ua1.0.d300.csv,18,0.002,1.0,300,4
c1e-4/run9.s0.0002.Ua0.1.d400.csv,9,0.0002,0.1,400,0
c1e-4/run4.s0.0002.Ua10.0.d300.csv,4,0.0002,10.0,300,0
c1e-4/run5.s0.002.Ua10.0.d300.csv,5,0.002,10.0,300,48
c1e-4/run20.s0.002.Ua10.0.d100.csv,20,0.002,10.0,100,3
c1e-4/run29.s0.006.Ua0.1.d200.csv,29,0.006,0.1,200,2
c1e-4/run10.s0.002.Ua0.1.d300.csv,10,0.002,0.1,300,0
c1e-4/run21.s0.0006.Ua10.0.d100.csv,21,0.0006,10.0,100,0
c1e-4/run10.s0.006.Ua10.0.d400.csv,10,0.006,10.0,400,188
c1e-4/run17.s0.0002.Ua10.0.d100.csv,17,0.0002,10.0,100,0
c1e-4/run23.s0.002.Ua1.0.d300.csv,23,0.002,1.0,300,4
c1e-4/run18.s0.0002.Ua10.0.d300.csv,18,0.0002,10.0,300,0
c1e-4/run12.s0.006.Ua0.1.d300.csv,12,0.006,0.1,300,1
c1e-4/run10.s0.0002.Ua1.0.d300.csv,10,0.0002,1.0,300,1
c1e-4/run19.s0.002.Ua1.0.d200.csv,19,0.002,1.0,200,3
c1e-4/run6.s0.006.Ua1.0.d300.csv,6,0.006,1.0,300,13
c1e-4/run20.s0.002.Ua1.0.d200.csv,20,0.002,1.0,200,1
c1e-4/run30.s0.006.Ua0.1.d100.csv,30,0.006,0.1,100,0
c1e-4/run17.s0.006.Ua1.0.d100.csv,17,0.006,1.0,100,1
c1e-4/run10.s0.0006.Ua0.1.d100.csv,10,0.0006,0.1,100,0
c1e-4/run17.s0.0002.Ua1.0.d300.csv,17,0.0002,1.0,300,0
c1e-4/run1.s0.006.Ua0.1.d100.csv,1,0.006,0.1,100,0
c1e-4/run28.s0.0002.Ua1.0.d300.csv,28,0.0002,1.0,300,0
c1e-4/run8.s0.006.Ua0.1.d200.csv,8,0.006,0.1,200,0
c1e-4/run22.s0.0006.Ua10.0.d400.csv,22,0.0006,10.0,400,12
c1e-4/run21.s0.002.Ua10.0.d400.csv,21,0.002,10.0,400,69
c1e-4/run11.s0.006.Ua10.0.d400.csv,11,0.006,10.0,400,152
c1e-4/run5.s0.0002.Ua10.0.d400.csv,5,0.0002,10.0,400,1
c1e-4/run18.s0.006.Ua0.1.d100.csv,18,0.006,0.1,100,0
c1e-4/run17.s0.006.Ua1.0.d300.csv,17,0.006,1.0,300,10
c1e-4/run25.s0.0006.Ua0.1.d300.csv,25,0.0006,0.1,300,1
c1e-4/run20.s0.006.Ua1.0.d300.csv,20,0.006,1.0,300,17
c1e-4/run19.s0.0006.Ua10.0.d100.csv,19,0.0006,10.0,100,0
c1e-4/run13.s0.0006.Ua0.1.d200.csv,13,0.0006,0.1,200,0
c1e-4/run9.s0.0006.Ua10.0.d100.csv,9,0.0006,10.0,100,0
c1e-4/run9.s0.0002.Ua1.0.d400.csv,9,0.0002,1.0,400,0
c1e-4/run9.s0.002.Ua1.0.d100.csv,9,0.002,1.0,100,1
c1e-4/run5.s0.002.Ua0.1.d100.csv,5,0.002,0.1,100,0
c1e-4/run1.s0.0006.Ua1.0.d200.csv,1,0.0006,1.0,200,0
c1e-4/run19.s0.006.Ua0.1.d100.csv,19,0.006,0.1,100,1
c1e-4/run13.s0.0002.Ua10.0.d100.csv,13,0.0002,10.0,100,0
c1e-4/run28.s0.0002.Ua0.1.d300.csv,28,0.0002,0.1,300,0
c1e-4/run19.s0.006.Ua1.0.d400.csv,19,0.006,1.0,400,18
c1e-4/run6.s0.006.Ua1.0.d100.csv,6,0.006,1.0,100,3
c1e-4/run8.s0.0002.Ua0.1.d200.csv,8,0.0002,0.1,200,0
c1e-4/run14.s0.002.Ua0.1.d300.csv,14,0.002,0.1,300,1
c1e-4/run23.s0.006.Ua0.1.d400.csv,23,0.006,0.1,400,3
c1e-4/run9.s0.0002.Ua1.0.d200.csv,9,0.0002,1.0,200,0
c1e-4/run22.s0.0006.Ua1.0.d400.csv,22,0.0006,1.0,400,1
c1e-4/run13.s0.002.Ua10.0.d200.csv,13,0.002,10.0,200,25
c1e-4/run5.s0.0006.Ua0.1.d300.csv,5,0.0006,0.1,300,0
c1e-4/run22.s0.0002.Ua0.1.d100.csv,22,0.0002,0.1,100,0
c1e-4/run19.s0.002.Ua0.1.d300.csv,19,0.002,0.1,300,0
c1e-4/run10.s0.006.Ua0.1.d100.csv,10,0.006,0.1,100,0
c1e-4/run21.s0.002.Ua0.1.d200.csv,21,0.002,0.1,200,0
c1e-4/run4.s0.002.Ua0.1.d100.csv,4,0.002,0.1,100,0
c1e-4/run8.s0.002.Ua1.0.d300.csv,8,0.002,1.0,300,7
c1e-4/run26.s0.006.Ua1.0.d200.csv,26,0.006,1.0,200,7
c1e-4/run11.s0.0002.Ua1.0.d100.csv,11,0.0002,1.0,100,0
c1e-4/run7.s0.006.Ua0.1.d400.csv,7,0.006,0.1,400,0
c1e-4/run9.s0.0006.Ua0.1.d100.csv,9,0.0006,0.1,100,0
c1e-4/run8.s0.0002.Ua0.1.d100.csv,8,0.0002,0.1,100,0
c1e-4/run15.s0.0002.Ua10.0.d300.csv,15,0.0002,10.0,300,1
c1e-4/run13.s0.0002.Ua10.0.d400.csv,13,0.0002,10.0,400,1
c1e-4/run29.s0.002.Ua0.1.d300.csv,29,0.002,0.1,300,0
c1e-4/run21.s0.006.Ua1.0.d400.csv,21,0.006,1.0,400,22
c1e-4/run5.s0.0006.Ua0.1.d400.csv,5,0.0006,0.1,400,0
c1e-4/run4.s0.0006.Ua10.0.d100.csv,4,0.0006,10.0,100,0
c1e-4/run29.s0.002.Ua1.0.d100.csv,29,0.002,1.0,100,0
c1e-4/run14.s0.0002.Ua10.0.d400.csv,14,0.0002,10.0,400,3
c1e-4/run3.s0.002.Ua10.0.d300.csv,3,0.002,10.0,300,32
c1e-4/run7.s0.0002.Ua0.1.d400.csv,7,0.0002,0.1,400,0
c1e-4/run26.s0.006.Ua10.0.d200.csv,26,0.006,10.0,200,93
c1e-4/run27.s0.0002.Ua1.0.d100.csv,27,0.0002,1.0,100,0
c1e-4/run11.s0.0002.Ua1.0.d300.csv,11,0.0002,1.0,300,0
c1e-4/run29.s0.0002.Ua0.1.d200.csv,29,0.0002,0.1,200,0
c1e-4/run17.s0.002.Ua0.1.d400.csv,17,0.002,0.1,400,2
c1e-4/run16.s0.0002.Ua1.0.d400.csv,16,0.0002,1.0,400,0
c1e-4/run3.s0.0006.Ua0.1.d100.csv,3,0.0006,0.1,100,0
c1e-4/run13.s0.0006.Ua10.0.d200.csv,13,0.0006,10.0,200,2
c1e-4/run29.s0.002.Ua1.0.d200.csv,29,0.002,1.0,200,3
c1e-4/run17.s0.0002.Ua1.0.d200.csv,17,0.0002,1.0,200,0
c1e-4/run10.s0.0002.Ua10.0.d100.csv,10,0.0002,10.0,100,0
c1e-4/run27.s0.002.Ua10.0.d100.csv,27,0.002,10.0,100,8
c1e-4/run2.s0.0006.Ua10.0.d300.csv,2,0.0006,10.0,300,9
c1e-4/run4.s0.0002.Ua0.1.d100.csv,4,0.0002,0.1,100,0
c1e-4/run9.s0.002.Ua1.0.d300.csv,9,0.002,1.0,300,5
c1e-4/run3.s0.0006.Ua1.0.d300.csv,3,0.0006,1.0,300,1
c1e-4/run5.s0.002.Ua0.1.d200.csv,5,0.002,0.1,200,0
c1e-4/run14.s0.0006.Ua10.0.d300.csv,14,0.0006,10.0,300,7
c1e-4/run13.s0.0006.Ua10.0.d300.csv,13,0.0006,10.0,300,5
c1e-4/run19.s0.006.Ua10.0.d100.csv,19,0.006,10.0,100,26
c1e-4/run13.s0.0006.Ua0.1.d400.csv,13,0.0006,0.1,400,0
c1e-4/run8.s0.006.Ua0.1.d100.csv,8,0.006,0.1,100,0
c1e-4/run22.s0.0002.Ua0.1.d200.csv,22,0.0002,0.1,200,0
c1e-4/run22.s0.0002.Ua10.0.d200.csv,22,0.0002,10.0,200,0
c1e-4/run24.s0.002.Ua0.1.d400.csv,24,0.002,0.1,400,0
c1e-4/run14.s0.006.Ua0.1.d300.csv,14,0.006,0.1,300,0
c1e-4/run24.s0.006.Ua1.0.d400.csv,24,0.006,1.0,400,16
c1e-4/run25.s0.0002.Ua10.0.d200.csv,25,0.0002,10.0,200,0
c1e-4/run5.s0.0002.Ua1.0.d300.csv,5,0.0002,1.0,300,0
c1e-4/run30.s0.0002.Ua1.0.d200.csv,30,0.0002,1.0,200,0
c1e-4/run19.s0.0002.Ua0.1.d200.csv,19,0.0002,0.1,200,0
c1e-4/run21.s0.002.Ua1.0.d300.csv,21,0.002,1.0,300,3
c1e-4/run10.s0.0006.Ua10.0.d200.csv,10,0.0006,10.0,200,0
c1e-4/run25.s0.006.Ua0.1.d100.csv,25,0.006,0.1,100,0
c1e-4/run26.s0.0002.Ua0.1.d200.csv,26,0.0002,0.1,200,0
c1e-4/run1.s0.0006.Ua1.0.d300.csv,1,0.0006,1.0,300,0
c1e-4/run6.s0.006.Ua10.0.d100.csv,6,0.006,10.0,100,31
c1e-4/run3.s0.0002.Ua1.0.d200.csv,3,0.0002,1.0,200,0
c1e-4/run19.s0.002.Ua1.0.d400.csv,19,0.002,1.0,400,5
c1e-4/run29.s0.0006.Ua1.0.d100.csv,29,0.0006,1.0,100,0
c1e-4/run28.s0.002.Ua0.1.d200.csv,28,0.002,0.1,200,1
c1e-4/run6.s0.002.Ua1.0.d300.csv,6,0.002,1.0,300,2
c1e-4/run6.s0.002.Ua10.0.d100.csv,6,0.002,10.0,100,6
c1e-4/run17.s0.0002.Ua0.1.d200.csv,17,0.0002,0.1,200,0
c1e-4/run30.s0.002.Ua0.1.d100.csv,30,0.002,0.1,100,0
c1e-4/run22.s0.006.Ua10.0.d400.csv,22,0.006,10.0,400,130
c1e-4/run18.s0.0002.Ua10.0.d100.csv,18,0.0002,10.0,100,0
c1e-4/run27.s0.0006.Ua10.0.d400.csv,27,0.0006,10.0,400,11
c1e-4/run24.s0.0006.Ua0.1.d100.csv,24,0.0006,0.1,100,0
c1e-4/run11.s0.006.Ua10.0.d300.csv,11,0.006,10.0,300,127
c1e-4/run12.s0.0006.Ua10.0.d300.csv,12,0.0006,10.0,300,11
c1e-4/run21.s0.0002.Ua1.0.d200.csv,21,0.0002,1.0,200,0
c1e-4/run27.s0.006.Ua1.0.d300.csv,27,0.006,1.0,300,19
c1e-4/run25.s0.006.Ua1.0.d300.csv,25,0.006,1.0,300,15
c1e-4/run10.s0.006.Ua10.0.d300.csv,10,0.006,10.0,300,157
c1e-4/run17.s0.0006.Ua1.0.d400.csv,17,0.0006,1.0,400,0
c1e-4/run7.s0.006.Ua1.0.d300.csv,7,0.006,1.0,300,11
c1e-4/run15.s0.002.Ua10.0.d100.csv,15,0.002,10.0,100,6
c1e-4/run21.s0.0002.Ua1.0.d100.csv,21,0.0002,1.0,100,0
c1e-4/run10.s0.006.Ua1.0.d300.csv,10,0.006,1.0,300,20
c1e-4/run28.s0.0006.Ua0.1.d100.csv,28,0.0006,0.1,100,0
c1e-4/run13.s0.002.Ua0.1.d300.csv,13,0.002,0.1,300,0
c1e-4/run6.s0.0006.Ua0.1.d100.csv,6,0.0006,0.1,100,0
c1e-4/run3.s0.0002.Ua1.0.d300.csv,3,0.0002,1.0,300,0
c1e-4/run10.s0.0006.Ua1.0.d300.csv,10,0.0006,1.0,300,1
c1e-4/run7.s0.0002.Ua1.0.d200.csv,7,0.0002,1.0,200,0
c1e-4/run4.s0.006.Ua10.0.d400.csv,4,0.006,10.0,400,171
c1e-4/run7.s0.002.Ua1.0.d400.csv,7,0.002,1.0,400,7
c1e-4/run19.s0.006.Ua1.0.d200.csv,19,0.006,1.0,200,4
c1e-4/run17.s0.002.Ua1.0.d100.csv,17,0.002,1.0,100,0
c1e-4/run14.s0.002.Ua1.0.d100.csv,14,0.002,1.0,100,0
c1e-4/run15.s0.0006.Ua1.0.d400.csv,15,0.0006,1.0,400,1
c1e-4/run3.s0.0006.Ua10.0.d400.csv,3,0.0006,10.0,400,9
c1e-4/run12.s0.002.Ua0.1.d200.csv,12,0.002,0.1,200,0
c1e-4/run15.s0.006.Ua10.0.d200.csv,15,0.006,10.0,200,88
c1e-4/run7.s0.0006.Ua0.1.d200.csv,7,0.0006,0.1,200,0
c1e-4/run23.s0.002.Ua10.0.d200.csv,23,0.002,10.0,200,26
c1e-4/run20.s0.0006.Ua10.0.d100.csv,20,0.0006,10.0,100,0
c1e-4/run19.s0.0002.Ua10.0.d100.csv,19,0.0002,10.0,100,0
c1e-4/run23.s0.002.Ua0.1.d400.csv,23,0.002,0.1,400,1
c1e-4/run5.s0.0002.Ua1.0.d400.csv,5,0.0002,1.0,400,0
c1e-4/run4.s0.002.Ua1.0.d300.csv,4,0.002,1.0,300,2
c1e-4/run24.s0.002.Ua1.0.d300.csv,24,0.002,1.0,300,4
c1e-4/run12.s0.0002.Ua1.0.d200.csv,12,0.0002,1.0,200,0
c1e-4/run19.s0.006.Ua10.0.d200.csv,19,0.006,10.0,200,82
c1e-4/run14.s0.0006.Ua10.0.d100.csv,14,0.0006,10.0,100,0
c1e-4/run9.s0.002.Ua10.0.d400.csv,9,0.002,10.0,400,70
c1e-4/run6.s0.0006.Ua1.0.d100.csv,6,0.0006,1.0,100,0
c1e-4/run11.s0.006.Ua0.1.d300.csv,11,0.006,0.1,300,2
c1e-4/run21.s0.0002.Ua10.0.d300.csv,21,0.0002,10.0,300,0
c1e-4/run23.s0.0002.Ua10.0.d200.csv,23,0.0002,10.0,200,0
c1e-4/run30.s0.0006.Ua0.1.d100.csv,30,0.0006,0.1,100,0
c1e-4/run9.s0.006.Ua10.0.d100.csv,9,0.006,10.0,100,23
c1e-4/run16.s0.006.Ua1.0.d200.csv,16,0.006,1.0,200,6
c1e-4/run10.s0.0002.Ua10.0.d200.csv,10,0.0002,10.0,200,0
c1e-4/run10.s0.006.Ua1.0.d400.csv,10,0.006,1.0,400,13
c1e-4/run13.s0.0006.Ua10.0.d100.csv,13,0.0006,10.0,100,0
c1e-4/run18.s0.002.Ua10.0.d100.csv,18,0.002,10.0,100,3
c1e-4/run7.s0.006.Ua1.0.d100.csv,7,0.006,1.0,100,2
c1e-4/run26.s0.006.Ua1.0.d300.csv,26,0.006,1.0,300,9
c1e-4/run30.s0.0006.Ua1.0.d400.csv,30,0.0006,1.0,400,1
c1e-4/run21.s0.0006.Ua10.0.d400.csv,21,0.0006,10.0,400,11
c1e-4/run22.s0.006.Ua1.0.d400.csv,22,0.006,1.0,400,14
c1e-4/run23.s0.002.Ua10.0.d100.csv,23,0.002,10.0,100,4
c1e-4/run2.s0.002.Ua0.1.d400.csv,2,0.002,0.1,400,1
c1e-4/run7.s0.006.Ua10.0.d200.csv,7,0.006,10.0,200,78
c1e-4/run29.s0.0006.Ua10.0.d100.csv,29,0.0006,10.0,100,0
c1e-4/run6.s0.002.Ua1.0.d400.csv,6,0.002,1.0,400,6
c1e-4/run17.s0.0006.Ua10.0.d400.csv,17,0.0006,10.0,400,11
c1e-4/run16.s0.006.Ua1.0.d300.csv,16,0.006,1.0,300,15
c1e-4/run29.s0.0002.Ua10.0.d300.csv,29,0.0002,10.0,300,0
c1e-4/run23.s0.002.Ua10.0.d300.csv,23,0.002,10.0,300,50
c1e-4/run24.s0.0002.Ua10.0.d200.csv,24,0.0002,10.0,200,0
c1e-4/run16.s0.006.Ua1.0.d100.csv,16,0.006,1.0,100,3
c1e-4/run16.s0.0002.Ua0.1.d300.csv,16,0.0002,0.1,300,0
c1e-4/run17.s0.002.Ua10.0.d100.csv,17,0.002,10.0,100,3
c1e-4/run29.s0.0002.Ua10.0.d200.csv,29,0.0002,10.0,200,0
c1e-4/run21.s0.002.Ua1.0.d400.csv,21,0.002,1.0,400,9
c1e-4/run15.s0.0002.Ua0.1.d300.csv,15,0.0002,0.1,300,0
c1e-4/run27.s0.002.Ua1.0.d100.csv,27,0.002,1.0,100,1
c1e-4/run23.s0.006.Ua10.0.d300.csv,23,0.006,10.0,300,129
c1e-4/run28.s0.002.Ua10.0.d300.csv,28,0.002,10.0,300,56
c1e-4/run17.s0.0002.Ua0.1.d400.csv,17,0.0002,0.1,400,0
c1e-4/run16.s0.0002.Ua0.1.d100.csv,16,0.0002,0.1,100,0
c1e-4/run3.s0.002.Ua1.0.d200.csv,3,0.002,1.0,200,5
c1e-4/run22.s0.0002.Ua1.0.d200.csv,22,0.0002,1.0,200,0
c1e-4/run12.s0.0006.Ua10.0.d400.csv,12,0.0006,10.0,400,10
c1e-4/run15.s0.002.Ua1.0.d400.csv,15,0.002,1.0,400,6
c1e-4/run5.s0.006.Ua0.1.d100.csv,5,0.006,0.1,100,1
c1e-4/run17.s0.0002.Ua0.1.d300.csv,17,0.0002,0.1,300,0
c1e-4/run18.s0.006.Ua0.1.d200.csv,18,0.006,0.1,200,2
c1e-4/run14.s0.0002.Ua1.0.d300.csv,14,0.0002,1.0,300,0
c1e-4/run30.s0.006.Ua10.0.d100.csv,30,0.006,10.0,100,29
c1e-4/run25.s0.0006.Ua0.1.d200.csv,25,0.0006,0.1,200,0
c1e-4/run11.s0.0002.Ua10.0.d400.csv,11,0.0002,10.0,400,0
c1e-4/run28.s0.006.Ua10.0.d300.csv,28,0.006,10.0,300,143
c1e-4/run16.s0.002.Ua0.1.d100.csv,16,0.002,0.1,100,0
c1e-4/run25.s0.002.Ua0.1.d100.csv,25,0.002,0.1,100,0
c1e-4/run11.s0.006.Ua1.0.d100.csv,11,0.006,1.0,100,2
c1e-4/run17.s0.002.Ua10.0.d300.csv,17,0.002,10.0,300,41
c1e-4/run3.s0.0006.Ua0.1.d200.csv,3,0.0006,0.1,200,0
c1e-4/run7.s0.0002.Ua10.0.d100.csv,7,0.0002,10.0,100,0
c1e-4/run23.s0.006.Ua1.0.d400.csv,23,0.006,1.0,400,23
c1e-4/run26.s0.0006.Ua10.0.d300.csv,26,0.0006,10.0,300,8
c1e-4/run2.s0.006.Ua10.0.d400.csv,2,0.006,10.0,400,166
c1e-4/run5.s0.0006.Ua0.1.d100.csv,5,0.0006,0.1,100,0
c1e-4/run29.s0.002.Ua0.1.d200.csv,29,0.002,0.1,200,2
c1e-4/run11.s0.0006.Ua0.1.d400.csv,11,0.0006,0.1,400,0
c1e-4/run11.s0.0006.Ua10.0.d100.csv,11,0.0006,10.0,100,0
c1e-4/run9.s0.006.Ua0.1.d100.csv,9,0.006,0.1,100,0
c1e-4/run15.s0.006.Ua0.1.d200.csv,15,0.006,0.1,200,2
c1e-4/run26.s0.006.Ua0.1.d200.csv,26,0.006,0.1,200,3
c1e-4/run15.s0.0002.Ua1.0.d400.csv,15,0.0002,1.0,400,1
c1e-4/run22.s0.0002.Ua0.1.d300.csv,22,0.0002,0.1,300,0
c1e-4/run25.s0.006.Ua10.0.d100.csv,25,0.006,10.0,100,28
c1e-4/run25.s0.002.Ua1.0.d300.csv,25,0.002,1.0,300,4
c1e-4/run27.s0.002.Ua1.0.d200.csv,27,0.002,1.0,200,0
c1e-4/run28.s0.0006.Ua10.0.d400.csv,28,0.0006,10.0,400,17
c1e-4/run13.s0.0002.Ua1.0.d100.csv,13,0.0002,1.0,100,0
c1e-4/run11.s0.0002.Ua0.1.d400.csv,11,0.0002,0.1,400,0
c1e-4/run22.s0.0002.Ua10.0.d100.csv,22,0.0002,10.0,100,0
c1e-4/run13.s0.0006.Ua0.1.d100.csv,13,0.0006,0.1,100,0
c1e-4/run16.s0.0006.Ua1.0.d400.csv,16,0.0006,1.0,400,0
c1e-4/run16.s0.0006.Ua10.0.d100.csv,16,0.0006,10.0,100,0
c1e-4/run30.s0.0002.Ua0.1.d200.csv,30,0.0002,0.1,200,0
c1e-4/run15.s0.0002.Ua1.0.d200.csv,15,0.0002,1.0,200,0
c1e-4/run15.s0.006.Ua1.0.d400.csv,15,0.006,1.0,400,15
c1e-4/run13.s0.006.Ua1.0.d300.csv,13,0.006,1.0,300,14
c1e-4/run27.s0.006.Ua0.1.d200.csv,27,0.006,0.1,200,0
c1e-4/run1.s0.0006.Ua10.0.d200.csv,1,0.0006,10.0,200,2
c1e-4/run15.s0.002.Ua0.1.d100.csv,15,0.002,0.1,100,0
c1e-4/run26.s0.0002.Ua10.0.d300.csv,26,0.0002,10.0,300,0
c1e-4/run17.s0.006.Ua0.1.d200.csv,17,0.006,0.1,200,2
c1e-4/run2.s0.0002.Ua0.1.d100.csv,2,0.0002,0.1,100,0
c1e-4/run5.s0.0002.Ua0.1.d400.csv,5,0.0002,0.1,400,0
c1e-4/run11.s0.002.Ua10.0.d400.csv,11,0.002,10.0,400,69
c1e-4/run8.s0.002.Ua10.0.d200.csv,8,0.002,10.0,200,30
c1e-4/run30.s0.0006.Ua0.1.d300.csv,30,0.0006,0.1,300,0
c1e-4/run3.s0.0006.Ua1.0.d400.csv,3,0.0006,1.0,400,1
c1e-4/run13.s0.002.Ua0.1.d100.csv,13,0.002,0.1,100,0
c1e-4/run17.s0.002.Ua10.0.d400.csv,17,0.002,10.0,400,80
c1e-4/run19.s0.006.Ua0.1.d300.csv,19,0.006,0.1,300,2
c1e-4/run4.s0.002.Ua10.0.d400.csv,4,0.002,10.0,400,62
c1e-4/run3.s0.006.Ua1.0.d300.csv,3,0.006,1.0,300,16
c1e-4/run29.s0.002.Ua0.1.d400.csv,29,0.002,0.1,400,2
c1e-4/run23.s0.006.Ua1.0.d300.csv,23,0.006,1.0,300,8
c1e-4/run6.s0.002.Ua1.0.d100.csv,6,0.002,1.0,100,1
c1e-4/run5.s0.002.Ua1.0.d400.csv,5,0.002,1.0,400,10
c1e-4/run1.s0.002.Ua0.1.d100.csv,1,0.002,0.1,100,0
c1e-4/run14.s0.0006.Ua1.0.d400.csv,14,0.0006,1.0,400,1
c1e-4/run30.s0.0006.Ua10.0.d200.csv,30,0.0006,10.0,200,1
c1e-4/run27.s0.002.Ua10.0.d400.csv,27,0.002,10.0,400,54
c1e-4/run29.s0.0002.Ua10.0.d400.csv,29,0.0002,10.0,400,1
c1e-4/run1.s0.0002.Ua1.0.d200.csv,1,0.0002,1.0,200,0
c1e-4/run14.s0.002.Ua0.1.d400.csv,14,0.002,0.1,400,1
c1e-4/run13.s0.002.Ua0.1.d400.csv,13,0.002,0.1,400,1
c1e-4/run18.s0.0006.Ua10.0.d200.csv,18,0.0006,10.0,200,3
c1e-4/run25.s0.006.Ua1.0.d200.csv,25,0.006,1.0,200,9
c1e-4/run2.s0.002.Ua1.0.d100.csv,2,0.002,1.0,100,1
c1e-4/run7.s0.0002.Ua10.0.d300.csv,7,0.0002,10.0,300,0
c1e-4/run8.s0.002.Ua10.0.d300.csv,8,0.002,10.0,300,44
c1e-4/run26.s0.0006.Ua1.0.d200.csv,26,0.0006,1.0,200,0
c1e-4/run5.s0.0006.Ua10.0.d400.csv,5,0.0006,10.0,400,6
c1e-4/run10.s0.0002.Ua1.0.d200.csv,10,0.0002,1.0,200,0
c1e-4/run24.s0.002.Ua0.1.d200.csv,24,0.002,0.1,200,0
c1e-4/run2.s0.002.Ua10.0.d300.csv,2,0.002,10.0,300,57
c1e-4/run12.s0.0006.Ua1.0.d100.csv,12,0.0006,1.0,100,0
c1e-4/run25.s0.006.Ua0.1.d400.csv,25,0.006,0.1,400,5
c1e-4/run24.s0.0002.Ua1.0.d100.csv,24,0.0002,1.0,100,0
c1e-4/run3.s0.0002.Ua10.0.d200.csv,3,0.0002,10.0,200,0
c1e-4/run28.s0.0002.Ua0.1.d100.csv,28,0.0002,0.1,100,0
c1e-4/run9.s0.002.Ua10.0.d100.csv,9,0.002,10.0,100,4
c1e-4/run24.s0.002.Ua1.0.d200.csv,24,0.002,1.0,200,2
c1e-4/run18.s0.002.Ua1.0.d100.csv,18,0.002,1.0,100,1
c1e-4/run28.s0.0006.Ua1.0.d100.csv,28,0.0006,1.0,100,0
c1e-4/run30.s0.002.Ua0.1.d200.csv,30,0.002,0.1,200,1
c1e-4/run18.s0.002.Ua10.0.d400.csv,18,0.002,10.0,400,73
c1e-4/run15.s0.006.Ua1.0.d100.csv,15,0.006,1.0,100,1
c1e-4/run25.s0.0006.Ua1.0.d300.csv,25,0.0006,1.0,300,0
c1e-4/run17.s0.0002.Ua1.0.d400.csv,17,0.0002,1.0,400,0
c1e-4/run7.s0.002.Ua1.0.d200.csv,7,0.002,1.0,200,2
c1e-4/run11.s0.0006.Ua0.1.d300.csv,11,0.0006,0.1,300,0
c1e-4/run24.s0.006.Ua0.1.d100.csv,24,0.006,0.1,100,0
c1e-4/run28.s0.006.Ua1.0.d300.csv,28,0.006,1.0,300,9
c1e-4/run24.s0.0006.Ua10.0.d300.csv,24,0.0006,10.0,300,7
c1e-4/run10.s0.006.Ua1.0.d100.csv,10,0.006,1.0,100,3
c1e-4/run8.s0.006.Ua10.0.d100.csv,8,0.006,10.0,100,32
c1e-4/run16.s0.002.Ua1.0.d300.csv,16,0.002,1.0,300,3
c1e-4/run28.s0.0006.Ua1.0.d300.csv,28,0.0006,1.0,300,0
c1e-4/run20.s0.0002.Ua10.0.d100.csv,20,0.0002,10.0,100,0
c1e-4/run3.s0.0006.Ua1.0.d200.csv,3,0.0006,1.0,200,0
c1e-4/run3.s0.0002.Ua0.1.d400.csv,3,0.0002,0.1,400,0
c1e-4/run10.s0.0006.Ua10.0.d100.csv,10,0.0006,10.0,100,0
c1e-4/run30.s0.006.Ua10.0.d300.csv,30,0.006,10.0,300,131
c1e-4/run15.s0.0006.Ua0.1.d200.csv,15,0.0006,0.1,200,0
c1e-4/run26.s0.0002.Ua0.1.d300.csv,26,0.0002,0.1,300,0
c1e-4/run29.s0.006.Ua0.1.d400.csv,29,0.006,0.1,400,0
c1e-4/run12.s0.006.Ua1.0.d400.csv,12,0.006,1.0,400,15
c1e-4/run3.s0.0002.Ua0.1.d100.csv,3,0.0002,0.1,100,0
c1e-4/run19.s0.0006.Ua10.0.d200.csv,19,0.0006,10.0,200,2
c1e-4/run21.s0.0002.Ua0.1.d100.csv,21,0.0002,0.1,100,0
c1e-4/run5.s0.006.Ua10.0.d100.csv,5,0.006,10.0,100,26
c1e-4/run9.s0.0006.Ua1.0.d400.csv,9,0.0006,1.0,400,1
c1e-4/run23.s0.0006.Ua10.0.d400.csv,23,0.0006,10.0,400,13
c1e-4/run18.s0.006.Ua10.0.d200.csv,18,0.006,10.0,200,80
c1e-4/run22.s0.0006.Ua10.0.d100.csv,22,0.0006,10.0,100,1
c1e-4/run30.s0.006.Ua0.1.d400.csv,30,0.006,0.1,400,0
c1e-4/run8.s0.0006.Ua10.0.d400.csv,8,0.0006,10.0,400,14
c1e-4/run2.s0.002.Ua0.1.d200.csv,2,0.002,0.1,200,0
c1e-4/run4.s0.0002.Ua1.0.d200.csv,4,0.0002,1.0,200,0
c1e-4/run10.s0.0002.Ua1.0.d100.csv,10,0.0002,1.0,100,0
c1e-4/run7.s0.0002.Ua0.1.d300.csv,7,0.0002,0.1,300,0
c1e-4/run18.s0.006.Ua1.0.d200.csv,18,0.006,1.0,200,13
c1e-4/run27.s0.006.Ua10.0.d100.csv,27,0.006,10.0,100,32
c1e-4/run10.s0.006.Ua10.0.d200.csv,10,0.006,10.0,200,82
c1e-4/run12.s0.006.Ua10.0.d300.csv,12,0.006,10.0,300,127
c1e-4/run14.s0.0002.Ua10.0.d100.csv,14,0.0002,10.0,100,0
c1e-4/run6.s0.006.Ua0.1.d200.csv,6,0.006,0.1,200,1
c1e-4/run19.s0.002.Ua0.1.d400.csv,19,0.002,0.1,400,0
c1e-4/run17.s0.0002.Ua10.0.d200.csv,17,0.0002,10.0,200,0
c1e-4/run23.s0.0002.Ua1.0.d300.csv,23,0.0002,1.0,300,0
c1e-4/run18.s0.006.Ua10.0.d300.csv,18,0.006,10.0,300,156
c1e-4/run27.s0.0002.Ua1.0.d400.csv,27,0.0002,1.0,400,0
c1e-4/run20.s0.0002.Ua0.1.d100.csv,20,0.0002,0.1,100,0
c1e-4/run30.s0.006.Ua0.1.d300.csv,30,0.006,0.1,300,2
c1e-4/run5.s0.0006.Ua10.0.d200.csv,5,0.0006,10.0,200,3
c1e-4/run30.s0.0002.Ua10.0.d400.csv,30,0.0002,10.0,400,1
c1e-4/run12.s0.006.Ua1.0.d100.csv,12,0.006,1.0,100,3
c1e-4/run4.s0.006.Ua0.1.d400.csv,4,0.006,0.1,400,3
c1e-4/run26.s0.002.Ua1.0.d200.csv,26,0.002,1.0,200,5
c1e-4/run15.s0.002.Ua1.0.d100.csv,15,0.002,1.0,100,1
c1e-4/run13.s0.006.Ua0.1.d100.csv,13,0.006,0.1,100,0
c1e-4/run3.s0.0006.Ua1.0.d100.csv,3,0.0006,1.0,100,0
c1e-4/run19.s0.002.Ua1.0.d300.csv,19,0.002,1.0,300,4
c1e-4/run19.s0.0006.Ua1.0.d100.csv,19,0.0006,1.0,100,1
c1e-4/run27.s0.002.Ua0.1.d300.csv,27,0.002,0.1,300,3
c1e-4/run6.s0.006.Ua0.1.d100.csv,6,0.006,0.1,100,0
c1e-4/run18.s0.002.Ua0.1.d200.csv,18,0.002,0.1,200,0
c1e-4/run28.s0.006.Ua1.0.d200.csv,28,0.006,1.0,200,12
c1e-4/run18.s0.002.Ua0.1.d300.csv,18,0.002,0.1,300,0
c1e-4/run17.s0.006.Ua10.0.d100.csv,17,0.006,10.0,100,26
c1e-4/run9.s0.006.Ua10.0.d200.csv,9,0.006,10.0,200,112
c1e-4/run27.s0.0002.Ua0.1.d100.csv,27,0.0002,0.1,100,0
c1e-4/run24.s0.0002.Ua0.1.d300.csv,24,0.0002,0.1,300,0
c1e-4/run15.s0.0006.Ua0.1.d300.csv,15,0.0006,0.1,300,0
c1e-4/run9.s0.002.Ua10.0.d200.csv,9,0.002,10.0,200,28
c1e-4/run29.s0.0002.Ua1.0.d400.csv,29,0.0002,1.0,400,0
c1e-4/run21.s0.0002.Ua10.0.d400.csv,21,0.0002,10.0,400,0
c1e-4/run13.s0.006.Ua10.0.d300.csv,13,0.006,10.0,300,135
c1e-4/run6.s0.0002.Ua10.0.d100.csv,6,0.0002,10.0,100,0
c1e-4/run14.s0.002.Ua0.1.d100.csv,14,0.002,0.1,100,0
c1e-4/run13.s0.0002.Ua0.1.d200.csv,13,0.0002,0.1,200,0
c1e-4/run25.s0.002.Ua1.0.d100.csv,25,0.002,1.0,100,1
c1e-4/run4.s0.006.Ua10.0.d100.csv,4,0.006,10.0,100,28
c1e-4/run26.s0.0002.Ua1.0.d400.csv,26,0.0002,1.0,400,0
c1e-4/run12.s0.0006.Ua10.0.d200.csv,12,0.0006,10.0,200,5
c1e-4/run1.s0.0006.Ua0.1.d300.csv,1,0.0006,0.1,300,0
c1e-4/run1.s0.006.Ua10.0.d200.csv,1,0.006,10.0,200,72
c1e-4/run1.s0.0002.Ua0.1.d100.csv,1,0.0002,0.1,100,0
c1e-4/run3.s0.0002.Ua10.0.d400.csv,3,0.0002,10.0,400,0
c1e-4/run3.s0.0002.Ua0.1.d300.csv,3,0.0002,0.1,300,0
c1e-4/run1.s0.0006.Ua10.0.d300.csv,1,0.0006,10.0,300,13
c1e-4/run26.s0.002.Ua10.0.d400.csv,26,0.002,10.0,400,73
c1e-4/run7.s0.0006.Ua0.1.d300.csv,7,0.0006,0.1,300,0
c1e-4/run14.s0.002.Ua10.0.d200.csv,14,0.002,10.0,200,24
c1e-4/run22.s0.002.Ua0.1.d300.csv,22,0.002,0.1,300,0
c1e-4/run30.s0.0002.Ua10.0.d200.csv,30,0.0002,10.0,200,0
c1e-4/run8.s0.0006.Ua0.1.d100.csv,8,0.0006,0.1,100,0
c1e-4/run15.s0.002.Ua10.0.d300.csv,15,0.002,10.0,300,60
c1e-4/run11.s0.002.Ua0.1.d200.csv,11,0.002,0.1,200,0
c1e-4/run4.s0.006.Ua1.0.d300.csv,4,0.006,1.0,300,6
c1e-4/run16.s0.006.Ua0.1.d300.csv,16,0.006,0.1,300,2
c1e-4/run16.s0.002.Ua1.0.d100.csv,16,0.002,1.0,100,0
c1e-4/run18.s0.0002.Ua10.0.d400.csv,18,0.0002,10.0,400,0
c1e-4/run9.s0.002.Ua0.1.d300.csv,9,0.002,0.1,300,0
c1e-4/run25.s0.0002.Ua0.1.d400.csv,25,0.0002,0.1,400,0
c1e-4/run7.s0.0006.Ua1.0.d200.csv,7,0.0006,1.0,200,0
c1e-4/run18.s0.002.Ua1.0.d400.csv,18,0.002,1.0,400,5
c1e-4/run24.s0.0002.Ua1.0.d200.csv,24,0.0002,1.0,200,0
c1e-4/run3.s0.0002.Ua1.0.d100.csv,3,0.0002,1.0,100,0
c1e-4/run13.s0.0002.Ua1.0.d200.csv,13,0.0002,1.0,200,0
c1e-4/run12.s0.006.Ua1.0.d300.csv,12,0.006,1.0,300,11
c1e-4/run16.s0.0002.Ua1.0.d300.csv,16,0.0002,1.0,300,0
c1e-4/run14.s0.002.Ua10.0.d300.csv,14,0.002,10.0,300,54
c1e-4/run10.s0.0002.Ua10.0.d400.csv,10,0.0002,10.0,400,0
c1e-4/run17.s0.0006.Ua0.1.d100.csv,17,0.0006,0.1,100,0
c1e-4/run24.s0.0006.Ua1.0.d100.csv,24,0.0006,1.0,100,0
c1e-4/run19.s0.0006.Ua0.1.d200.csv,19,0.0006,0.1,200,0
c1e-4/run10.s0.0002.Ua0.1.d300.csv,10,0.0002,0.1,300,0
c1e-4/run8.s0.006.Ua10.0.d200.csv,8,0.006,10.0,200,89
c1e-4/run23.s0.0002.Ua1.0.d100.csv,23,0.0002,1.0,100,0
c1e-4/run11.s0.0006.Ua10.0.d300.csv,11,0.0006,10.0,300,6
c1e-4/run23.s0.0002.Ua0.1.d400.csv,23,0.0002,0.1,400,0
c1e-4/run7.s0.0002.Ua10.0.d400.csv,7,0.0002,10.0,400,0
c1e-4/run18.s0.002.Ua0.1.d400.csv,18,0.002,0.1,400,0
c1e-4/run20.s0.006.Ua0.1.d300.csv,20,0.006,0.1,300,1
c1e-4/run5.s0.0006.Ua1.0.d300.csv,5,0.0006,1.0,300,0
c1e-4/run1.s0.0002.Ua10.0.d300.csv,1,0.0002,10.0,300,0
c1e-4/run22.s0.006.Ua0.1.d400.csv,22,0.006,0.1,400,1
c1e-4/run9.s0.002.Ua0.1.d200.csv,9,0.002,0.1,200,0
c1e-4/run29.s0.006.Ua1.0.d300.csv,29,0.006,1.0,300,11
c1e-4/run20.s0.006.Ua10.0.d200.csv,20,0.006,10.0,200,72
c1e-4/run6.s0.0006.Ua1.0.d300.csv,6,0.0006,1.0,300,0
c1e-4/run26.s0.006.Ua0.1.d100.csv,26,0.006,0.1,100,0
c1e-4/run13.s0.006.Ua1.0.d100.csv,13,0.006,1.0,100,4
c1e-4/run16.s0.006.Ua1.0.d400.csv,16,0.006,1.0,400,18
c1e-4/run18.s0.002.Ua1.0.d200.csv,18,0.002,1.0,200,3
c1e-4/run5.s0.006.Ua0.1.d300.csv,5,0.006,0.1,300,2
c1e-4/run29.s0.002.Ua10.0.d400.csv,29,0.002,10.0,400,61
c1e-4/run29.s0.0006.Ua0.1.d300.csv,29,0.0006,0.1,300,0
c1e-4/run29.s0.006.Ua10.0.d300.csv,29,0.006,10.0,300,125
c1e-4/run15.s0.0006.Ua0.1.d400.csv,15,0.0006,0.1,400,0
c1e-4/run2.s0.0002.Ua10.0.d400.csv,2,0.0002,10.0,400,0
c1e-4/run30.s0.0006.Ua1.0.d100.csv,30,0.0006,1.0,100,0
c1e-4/run2.s0.0002.Ua0.1.d400.csv,2,0.0002,0.1,400,0
c1e-4/run19.s0.0002.Ua1.0.d300.csv,19,0.0002,1.0,300,0
c1e-4/run9.s0.0006.Ua10.0.d200.csv,9,0.0006,10.0,200,4
c1e-4/run5.s0.0006.Ua10.0.d300.csv,5,0.0006,10.0,300,3
c1e-4/run6.s0.002.Ua10.0.d400.csv,6,0.002,10.0,400,66
c1e-4/run4.s0.0006.Ua1.0.d400.csv,4,0.0006,1.0,400,1
c1e-4/run25.s0.0006.Ua10.0.d300.csv,25,0.0006,10.0,300,5
c1e-4/run27.s0.0006.Ua10.0.d300.csv,27,0.0006,10.0,300,4
c1e-4/run2.s0.0002.Ua0.1.d200.csv,2,0.0002,0.1,200,0
c1e-4/run24.s0.0006.Ua1.0.d200.csv,24,0.0006,1.0,200,0
c1e-4/run29.s0.006.Ua1.0.d400.csv,29,0.006,1.0,400,9
c1e-4/run5.s0.006.Ua0.1.d200.csv,5,0.006,0.1,200,2
c1e-4/run29.s0.006.Ua10.0.d400.csv,29,0.006,10.0,400,151
c1e-4/run11.s0.0002.Ua0.1.d300.csv,11,0.0002,0.1,300,0
c1e-4/run27.s0.0002.Ua1.0.d300.csv,27,0.0002,1.0,300,0
c1e-4/run17.s0.006.Ua0.1.d100.csv,17,0.006,0.1,100,0
c1e-4/run22.s0.002.Ua0.1.d400.csv,22,0.002,0.1,400,1
c1e-4/run5.s0.006.Ua10.0.d400.csv,5,0.006,10.0,400,159
c1e-4/run14.s0.0002.Ua0.1.d100.csv,14,0.0002,0.1,100,0
c1e-4/run19.s0.0002.Ua1.0.d100.csv,19,0.0002,1.0,100,0
c1e-4/run17.s0.006.Ua1.0.d200.csv,17,0.006,1.0,200,6
c1e-4/run15.s0.006.Ua0.1.d300.csv,15,0.006,0.1,300,2
c1e-4/run28.s0.0006.Ua1.0.d200.csv,28,0.0006,1.0,200,0
c1e-4/run25.s0.0002.Ua10.0.d300.csv,25,0.0002,10.0,300,1
c1e-4/run4.s0.0002.Ua0.1.d200.csv,4,0.0002,0.1,200,0
c1e-4/run2.s0.0006.Ua0.1.d100.csv,2,0.0006,0.1,100,0
c1e-4/run16.s0.002.Ua0.1.d300.csv,16,0.002,0.1,300,0
c1e-4/run7.s0.006.Ua10.0.d100.csv,7,0.006,10.0,100,28
c1e-4/run7.s0.006.Ua1.0.d400.csv,7,0.006,1.0,400,14
c1e-4/run17.s0.0002.Ua10.0.d300.csv,17,0.0002,10.0,300,1
c1e-4/run16.s0.0006.Ua10.0.d300.csv,16,0.0006,10.0,300,7
c1e-4/run27.s0.0002.Ua0.1.d400.csv,27,0.0002,0.1,400,0
c1e-4/run19.s0.006.Ua0.1.d200.csv,19,0.006,0.1,200,4
c1e-4/run28.s0.002.Ua10.0.d100.csv,28,0.002,10.0,100,3
c1e-4/run21.s0.0006.Ua10.0.d300.csv,21,0.0006,10.0,300,8
c1e-4/run19.s0.0006.Ua1.0.d200.csv,19,0.0006,1.0,200,1
c1e-4/run11.s0.006.Ua0.1.d400.csv,11,0.006,0.1,400,3
c1e-4/run2.s0.006.Ua1.0.d200.csv,2,0.006,1.0,200,10
c1e-4/run30.s0.002.Ua0.1.d300.csv,30,0.002,0.1,300,0
c1e-4/run17.s0.0006.Ua1.0.d100.csv,17,0.0006,1.0,100,0
c1e-4/run8.s0.006.Ua1.0.d100.csv,8,0.006,1.0,100,2
c1e-4/run9.s0.006.Ua1.0.d200.csv,9,0.006,1.0,200,6
c1e-4/run2.s0.0002.Ua1.0.d300.csv,2,0.0002,1.0,300,0
c1e-4/run6.s0.0006.Ua10.0.d300.csv,6,0.0006,10.0,300,7
c1e-4/run19.s0.002.Ua0.1.d100.csv,19,0.002,0.1,100,0
c1e-4/run24.s0.0006.Ua10.0.d100.csv,24,0.0006,10.0,100,0
c1e-4/run26.s0.002.Ua1.0.d100.csv,26,0.002,1.0,100,0
c1e-4/run8.s0.0002.Ua1.0.d400.csv,8,0.0002,1.0,400,0
c1e-4/run14.s0.006.Ua1.0.d300.csv,14,0.006,1.0,300,12
c1e-4/run23.s0.0006.Ua0.1.d100.csv,23,0.0006,0.1,100,0
c1e-4/run11.s0.002.Ua1.0.d300.csv,11,0.002,1.0,300,7
c1e-4/run9.s0.006.Ua1.0.d300.csv,9,0.006,1.0,300,14
c1e-4/run14.s0.006.Ua0.1.d100.csv,14,0.006,0.1,100,0
c1e-4/run3.s0.006.Ua10.0.d100.csv,3,0.006,10.0,100,28
c1e-4/run24.s0.0002.Ua0.1.d100.csv,24,0.0002,0.1,100,0
c1e-4/run17.s0.0006.Ua1.0.d200.csv,17,0.0006,1.0,200,1
c1e-4/run1.s0.0006.Ua0.1.d400.csv,1,0.0006,0.1,400,0
c1e-4/run16.s0.006.Ua10.0.d200.csv,16,0.006,10.0,200,65
c1e-4/run1.s0.0002.Ua10.0.d400.csv,1,0.0002,10.0,400,2
c1e-4/run8.s0.006.Ua10.0.d300.csv,8,0.006,10.0,300,131
c1e-4/run15.s0.006.Ua0.1.d400.csv,15,0.006,0.1,400,3
c1e-4/run18.s0.0006.Ua1.0.d400.csv,18,0.0006,1.0,400,0
c1e-4/run10.s0.0006.Ua10.0.d300.csv,10,0.0006,10.0,300,10
c1e-4/run21.s0.006.Ua0.1.d200.csv,21,0.006,0.1,200,0
c1e-4/run29.s0.0006.Ua0.1.d200.csv,29,0.0006,0.1,200,0
c1e-4/run27.s0.006.Ua1.0.d200.csv,27,0.006,1.0,200,6
c1e-4/run28.s0.002.Ua10.0.d200.csv,28,0.002,10.0,200,29
c1e-4/run27.s0.0006.Ua0.1.d400.csv,27,0.0006,0.1,400,0
c1e-4/run25.s0.002.Ua10.0.d400.csv,25,0.002,10.0,400,60
c1e-4/run25.s0.002.Ua0.1.d200.csv,25,0.002,0.1,200,0
c1e-4/run14.s0.0002.Ua0.1.d300.csv,14,0.0002,0.1,300,0
c1e-4/run5.s0.0002.Ua10.0.d200.csv,5,0.0002,10.0,200,0
c1e-4/run1.s0.002.Ua10.0.d400.csv,1,0.002,10.0,400,66
c1e-4/run20.s0.0006.Ua10.0.d400.csv,20,0.0006,10.0,400,12
c1e-4/run14.s0.006.Ua1.0.d400.csv,14,0.006,1.0,400,14
c1e-4/run26.s0.002.Ua0.1.d300.csv,26,0.002,0.1,300,0
c1e-4/run27.s0.006.Ua10.0.d300.csv,27,0.006,10.0,300,138
c1e-4/run15.s0.0002.Ua10.0.d400.csv,15,0.0002,10.0,400,2
c1e-4/run6.s0.0002.Ua0.1.d100.csv,6,0.0002,0.1,100,0
c1e-4/run21.s0.002.Ua0.1.d300.csv,21,0.002,0.1,300,1
c1e-4/run2.s0.0006.Ua1.0.d100.csv,2,0.0006,1.0,100,0
c1e-4/run20.s0.0006.Ua0.1.d200.csv,20,0.0006,0.1,200,0
c1e-4/run19.s0.0002.Ua0.1.d400.csv,19,0.0002,0.1,400,0
c1e-4/run7.s0.006.Ua0.1.d100.csv,7,0.006,0.1,100,2
c1e-4/run27.s0.002.Ua0.1.d200.csv,27,0.002,0.1,200,0
c1e-4/run22.s0.0006.Ua1.0.d200.csv,22,0.0006,1.0,200,0
c1e-4/run20.s0.0006.Ua1.0.d300.csv,20,0.0006,1.0,300,0
c1e-4/run22.s0.002.Ua1.0.d400.csv,22,0.002,1.0,400,8
c1e-4/run4.s0.0006.Ua10.0.d400.csv,4,0.0006,10.0,400,10
c1e-4/run30.s0.006.Ua1.0.d200.csv,30,0.006,1.0,200,4
c1e-4/run22.s0.006.Ua10.0.d300.csv,22,0.006,10.0,300,118
c1e-4/run10.s0.002.Ua0.1.d200.csv,10,0.002,0.1,200,1
c1e-4/run21.s0.002.Ua1.0.d200.csv,21,0.002,1.0,200,1
c1e-4/run21.s0.0006.Ua0.1.d300.csv,21,0.0006,0.1,300,0
c1e-4/run23.s0.0002.Ua0.1.d300.csv,23,0.0002,0.1,300,0
c1e-4/run14.s0.002.Ua1.0.d300.csv,14,0.002,1.0,300,4
c1e-4/run20.s0.006.Ua0.1.d400.csv,20,0.006,0.1,400,0
c1e-4/run2.s0.002.Ua0.1.d300.csv,2,0.002,0.1,300,0
c1e-4/run29.s0.0006.Ua10.0.d300.csv,29,0.0006,10.0,300,7
c1e-4/run15.s0.0002.Ua0.1.d100.csv,15,0.0002,0.1,100,0
c1e-4/run11.s0.002.Ua10.0.d300.csv,11,0.002,10.0,300,42
c1e-4/run11.s0.002.Ua0.1.d100.csv,11,0.002,0.1,100,0
c1e-4/run28.s0.002.Ua1.0.d200.csv,28,0.002,1.0,200,3
c1e-4/run23.s0.0006.Ua1.0.d100.csv,23,0.0006,1.0,100,0
c1e-4/run25.s0.0006.Ua10.0.d400.csv,25,0.0006,10.0,400,11
c1e-4/run4.s0.002.Ua10.0.d100.csv,4,0.002,10.0,100,6
c1e-4/run5.s0.002.Ua10.0.d200.csv,5,0.002,10.0,200,35
c1e-4/run1.s0.002.Ua1.0.d400.csv,1,0.002,1.0,400,4
c1e-4/run25.s0.0006.Ua0.1.d400.csv,25,0.0006,0.1,400,0
c1e-4/run26.s0.002.Ua1.0.d300.csv,26,0.002,1.0,300,3
c1e-4/run15.s0.002.Ua10.0.d400.csv,15,0.002,10.0,400,78
c1e-4/run14.s0.0006.Ua0.1.d100.csv,14,0.0006,0.1,100,0
c1e-4/run16.s0.0002.Ua10.0.d200.csv,16,0.0002,10.0,200,0
c1e-4/run26.s0.0006.Ua1.0.d100.csv,26,0.0006,1.0,100,0
c1e-4/run8.s0.0002.Ua1.0.d100.csv,8,0.0002,1.0,100,0
c1e-4/run19.s0.0002.Ua0.1.d100.csv,19,0.0002,0.1,100,0
c1e-4/run27.s0.006.Ua1.0.d100.csv,27,0.006,1.0,100,4
c1e-4/run5.s0.0002.Ua0.1.d200.csv,5,0.0002,0.1,200,0
c1e-4/run9.s0.0002.Ua0.1.d300.csv,9,0.0002,0.1,300,0
c1e-4/run7.s0.002.Ua0.1.d200.csv,7,0.002,0.1,200,0
c1e-4/run18.s0.006.Ua1.0.d100.csv,18,0.006,1.0,100,3
c1e-4/run30.s0.002.Ua10.0.d400.csv,30,0.002,10.0,400,68
c1e-4/run16.s0.002.Ua1.0.d200.csv,16,0.002,1.0,200,1
c1e-4/run25.s0.0002.Ua0.1.d100.csv,25,0.0002,0.1,100,0
c1e-4/run30.s0.0002.Ua1.0.d100.csv,30,0.0002,1.0,100,0
c1e-4/run25.s0.002.Ua0.1.d400.csv,25,0.002,0.1,400,0
c1e-4/run18.s0.002.Ua0.1.d100.csv,18,0.002,0.1,100,0
c1e-4/run1.s0.002.Ua0.1.d300.csv,1,0.002,0.1,300,1
c1e-4/run28.s0.006.Ua0.1.d400.csv,28,0.006,0.1,400,5
c1e-4/run4.s0.0002.Ua10.0.d400.csv,4,0.0002,10.0,400,0
c1e-4/run11.s0.006.Ua0.1.d200.csv,11,0.006,0.1,200,0
c1e-4/run8.s0.0002.Ua0.1.d400.csv,8,0.0002,0.1,400,0
c1e-4/run5.s0.002.Ua1.0.d100.csv,5,0.002,1.0,100,0
c1e-4/run30.s0.0006.Ua10.0.d100.csv,30,0.0006,10.0,100,1
c1e-4/run27.s0.0006.Ua1.0.d100.csv,27,0.0006,1.0,100,0
c1e-4/run24.s0.006.Ua0.1.d200.csv,24,0.006,0.1,200,1
c1e-4/run1.s0.0002.Ua10.0.d100.csv,1,0.0002,10.0,100,0
c1e-4/run29.s0.006.Ua1.0.d100.csv,29,0.006,1.0,100,1
c1e-4/run2.s0.002.Ua10.0.d200.csv,2,0.002,10.0,200,31
c1e-4/run21.s0.006.Ua10.0.d100.csv,21,0.006,10.0,100,24
c1e-4/run1.s0.0006.Ua10.0.d400.csv,1,0.0006,10.0,400,9
c1e-4/run18.s0.0006.Ua1.0.d100.csv,18,0.0006,1.0,100,0
c1e-4/run13.s0.006.Ua0.1.d400.csv,13,0.006,0.1,400,0
c1e-4/run17.s0.0002.Ua0.1.d100.csv,17,0.0002,0.1,100,0
c1e-4/run20.s0.0002.Ua10.0.d300.csv,20,0.0002,10.0,300,0
c1e-4/run27.s0.0002.Ua10.0.d200.csv,27,0.0002,10.0,200,0
c1e-4/run25.s0.0002.Ua1.0.d300.csv,25,0.0002,1.0,300,0
c1e-4/run4.s0.0002.Ua1.0.d400.csv,4,0.0002,1.0,400,0
c1e-4/run29.s0.002.Ua10.0.d300.csv,29,0.002,10.0,300,50
c1e-4/run30.s0.002.Ua1.0.d100.csv,30,0.002,1.0,100,0
c1e-4/run14.s0.0002.Ua0.1.d400.csv,14,0.0002,0.1,400,0
c1e-4/run4.s0.002.Ua1.0.d400.csv,4,0.002,1.0,400,7
c1e-4/run6.s0.0002.Ua1.0.d400.csv,6,0.0002,1.0,400,0
c1e-4/run21.s0.0002.Ua1.0.d300.csv,21,0.0002,1.0,300,0
c1e-4/run23.s0.006.Ua1.0.d100.csv,23,0.006,1.0,100,4
c1e-4/run27.s0.0002.Ua10.0.d300.csv,27,0.0002,10.0,300,2
c1e-4/run19.s0.0002.Ua10.0.d200.csv,19,0.0002,10.0,200,0
c1e-4/run26.s0.0006.Ua0.1.d200.csv,26,0.0006,0.1,200,0
c1e-4/run17.s0.0006.Ua0.1.d300.csv,17,0.0006,0.1,300,0
c1e-4/run14.s0.002.Ua10.0.d400.csv,14,0.002,10.0,400,64
c1e-4/run25.s0.0002.Ua10.0.d100.csv,25,0.0002,10.0,100,0
c1e-4/run19.s0.0002.Ua0.1.d300.csv,19,0.0002,0.1,300,0
c1e-4/run10.s0.0002.Ua10.0.d300.csv,10,0.0002,10.0,300,1
c1e-4/run14.s0.0002.Ua1.0.d400.csv,14,0.0002,1.0,400,0
c1e-4/run10.s0.0002.Ua0.1.d100.csv,10,0.0002,0.1,100,0
c1e-4/run14.s0.006.Ua0.1.d400.csv,14,0.006,0.1,400,4
c1e-4/run28.s0.002.Ua10.0.d400.csv,28,0.002,10.0,400,72
c1e-4/run21.s0.0006.Ua10.0.d200.csv,21,0.0006,10.0,200,2
c1e-4/run28.s0.002.Ua0.1.d100.csv,28,0.002,0.1,100,0
c1e-4/run27.s0.0006.Ua0.1.d300.csv,27,0.0006,0.1,300,0
c1e-4/run23.s0.006.Ua10.0.d400.csv,23,0.006,10.0,400,182
c1e-4/run12.s0.0002.Ua10.0.d400.csv,12,0.0002,10.0,400,1
c1e-4/run22.s0.0006.Ua1.0.d300.csv,22,0.0006,1.0,300,0
c1e-4/run19.s0.002.Ua10.0.d300.csv,19,0.002,10.0,300,50
c1e-4/run16.s0.006.Ua10.0.d300.csv,16,0.006,10.0,300,121
c1e-4/run25.s0.002.Ua1.0.d200.csv,25,0.002,1.0,200,2
c1e-4/run5.s0.0002.Ua1.0.d100.csv,5,0.0002,1.0,100,0
c1e-4/run28.s0.0006.Ua1.0.d400.csv,28,0.0006,1.0,400,1
c1e-4/run24.s0.006.Ua10.0.d200.csv,24,0.006,10.0,200,77
c1e-4/run10.s0.0002.Ua0.1.d400.csv,10,0.0002,0.1,400,0
c1e-4/run7.s0.0006.Ua10.0.d400.csv,7,0.0006,10.0,400,11
c1e-4/run27.s0.0006.Ua10.0.d100.csv,27,0.0006,10.0,100,0
c1e-4/run11.s0.0002.Ua0.1.d100.csv,11,0.0002,0.1,100,0
c1e-4/run14.s0.006.Ua1.0.d200.csv,14,0.006,1.0,200,7
c1e-4/run30.s0.0002.Ua1.0.d300.csv,30,0.0002,1.0,300,0
c1e-4/run16.s0.0006.Ua0.1.d200.csv,16,0.0006,0.1,200,0
c1e-4/run9.s0.0006.Ua0.1.d200.csv,9,0.0006,0.1,200,0
c1e-4/run10.s0.0006.Ua10.0.d400.csv,10,0.0006,10.0,400,10
c1e-4/run6.s0.006.Ua0.1.d300.csv,6,0.006,0.1,300,1
c1e-4/run27.s0.006.Ua0.1.d300.csv,27,0.006,0.1,300,2
c1e-4/run26.s0.0006.Ua1.0.d400.csv,26,0.0006,1.0,400,1
c1e-4/run19.s0.0006.Ua10.0.d400.csv,19,0.0006,10.0,400,7
c1e-4/run28.s0.006.Ua10.0.d200.csv,28,0.006,10.0,200,84
c1e-4/run8.s0.0006.Ua10.0.d100.csv,8,0.0006,10.0,100,1
c1e-4/run21.s0.0006.Ua1.0.d100.csv,21,0.0006,1.0,100,0
c1e-4/run11.s0.0002.Ua10.0.d100.csv,11,0.0002,10.0,100,0
c1e-4/run27.s0.006.Ua0.1.d400.csv,27,0.006,0.1,400,1
c1e-4/run25.s0.0002.Ua1.0.d400.csv,25,0.0002,1.0,400,0
c1e-4/run11.s0.002.Ua0.1.d300.csv,11,0.002,0.1,300,0
c1e-4/run4.s0.0006.Ua0.1.d400.csv,4,0.0006,0.1,400,0
c1e-4/run2.s0.006.Ua1.0.d100.csv,2,0.006,1.0,100,4
c1e-4/run4.s0.0002.Ua10.0.d100.csv,4,0.0002,10.0,100,0
c1e-4/run2.s0.0002.Ua1.0.d100.csv,2,0.0002,1.0,100,0
c1e-4/run1.s0.006.Ua1.0.d300.csv,1,0.006,1.0,300,17
c1e-4/run16.s0.0006.Ua1.0.d100.csv,16,0.0006,1.0,100,0
c1e-4/run4.s0.0006.Ua1.0.d200.csv,4,0.0006,1.0,200,0
c1e-4/run23.s0.006.Ua0.1.d100.csv,23,0.006,0.1,100,0
c1e-4/run1.s0.006.Ua1.0.d400.csv,1,0.006,1.0,400,11
c1e-4/run1.s0.002.Ua0.1.d200.csv,1,0.002,0.1,200,0
c1e-4/run18.s0.0006.Ua10.0.d400.csv,18,0.0006,10.0,400,12
c1e-4/run20.s0.002.Ua0.1.d100.csv,20,0.002,0.1,100,0
c1e-4/run2.s0.006.Ua1.0.d300.csv,2,0.006,1.0,300,19
c1e-4/run26.s0.002.Ua10.0.d300.csv,26,0.002,10.0,300,42
c1e-4/run5.s0.0002.Ua10.0.d300.csv,5,0.0002,10.0,300,0
c1e-4/run21.s0.0006.Ua1.0.d300.csv,21,0.0006,1.0,300,0
c1e-4/run18.s0.0002.Ua1.0.d300.csv,18,0.0002,1.0,300,0
c1e-4/run13.s0.0002.Ua0.1.d300.csv,13,0.0002,0.1,300,0
c1e-4/run18.s0.0002.Ua0.1.d300.csv,18,0.0002,0.1,300,0
c1e-4/run28.s0.006.Ua0.1.d300.csv,28,0.006,0.1,300,0
c1e-4/run2.s0.0006.Ua10.0.d400.csv,2,0.0006,10.0,400,7
c1e-4/run26.s0.006.Ua10.0.d300.csv,26,0.006,10.0,300,126
c1e-4/run2.s0.0002.Ua1.0.d400.csv,2,0.0002,1.0,400,1
c1e-4/run16.s0.0006.Ua1.0.d200.csv,16,0.0006,1.0,200,0
c1e-4/run4.s0.0002.Ua0.1.d300.csv,4,0.0002,0.1,300,0
c1e-4/run16.s0.0006.Ua10.0.d200.csv,16,0.0006,10.0,200,1
c1e-4/run12.s0.006.Ua10.0.d100.csv,12,0.006,10.0,100,39
c1e-4/run24.s0.006.Ua10.0.d100.csv,24,0.006,10.0,100,19
c1e-4/run4.s0.0006.Ua1.0.d300.csv,4,0.0006,1.0,300,0
c1e-4/run1.s0.006.Ua1.0.d100.csv,1,0.006,1.0,100,3
c1e-4/run25.s0.006.Ua0.1.d300.csv,25,0.006,0.1,300,2
c1e-4/run14.s0.006.Ua10.0.d200.csv,14,0.006,10.0,200,83
c1e-4/run7.s0.002.Ua0.1.d400.csv,7,0.002,0.1,400,1
c1e-4/run24.s0.0006.Ua10.0.d200.csv,24,0.0006,10.0,200,3
c1e-4/run6.s0.0006.Ua1.0.d200.csv,6,0.0006,1.0,200,0
c1e-4/run29.s0.002.Ua10.0.d100.csv,29,0.002,10.0,100,9
c1e-4/run24.s0.002.Ua10.0.d100.csv,24,0.002,10.0,100,8
c1e-4/run15.s0.0006.Ua1.0.d300.csv,15,0.0006,1.0,300,0
c1e-4/run11.s0.002.Ua1.0.d200.csv,11,0.002,1.0,200,2
c1e-4/run26.s0.0002.Ua0.1.d400.csv,26,0.0002,0.1,400,0
c1e-4/run4.s0.006.Ua10.0.d200.csv,4,0.006,10.0,200,94
c1e-4/run2.s0.002.Ua1.0.d400.csv,2,0.002,1.0,400,3
c1e-4/run12.s0.006.Ua0.1.d400.csv,12,0.006,0.1,400,2
c1e-4/run27.s0.006.Ua10.0.d200.csv,27,0.006,10.0,200,71
c1e-4/run30.s0.0006.Ua1.0.d200.csv,30,0.0006,1.0,200,0
c1e-4/run27.s0.0002.Ua10.0.d100.csv,27,0.0002,10.0,100,0
c1e-4/run7.s0.002.Ua1.0.d300.csv,7,0.002,1.0,300,6
c1e-4/run30.s0.0002.Ua0.1.d400.csv,30,0.0002,0.1,400,0
c1e-4/run13.s0.0006.Ua1.0.d200.csv,13,0.0006,1.0,200,0
c1e-4/run30.s0.002.Ua10.0.d100.csv,30,0.002,10.0,100,8
c1e-4/run13.s0.006.Ua10.0.d100.csv,13,0.006,10.0,100,23
c1e-4/run13.s0.002.Ua1.0.d200.csv,13,0.002,1.0,200,0
c1e-4/run22.s0.006.Ua1.0.d100.csv,22,0.006,1.0,100,1
c1e-4/run25.s0.006.Ua1.0.d100.csv,25,0.006,1.0,100,0
c1e-4/run24.s0.0006.Ua0.1.d300.csv,24,0.0006,0.1,300,0
c1e-4/run18.s0.0002.Ua0.1.d100.csv,18,0.0002,0.1,100,0
c1e-4/run2.s0.0006.Ua1.0.d200.csv,2,0.0006,1.0,200,0
c1e-4/run6.s0.006.Ua10.0.d400.csv,6,0.006,10.0,400,173
c1e-4/run15.s0.006.Ua10.0.d100.csv,15,0.006,10.0,100,33
c1e-4/run8.s0.002.Ua10.0.d400.csv,8,0.002,10.0,400,60
c1e-4/run12.s0.0002.Ua1.0.d400.csv,12,0.0002,1.0,400,0
c1e-4/run28.s0.006.Ua0.1.d200.csv,28,0.006,0.1,200,0
c1e-4/run20.s0.006.Ua10.0.d300.csv,20,0.006,10.0,300,139
c1e-4/run2.s0.006.Ua10.0.d200.csv,2,0.006,10.0,200,85
c1e-4/run20.s0.0006.Ua0.1.d300.csv,20,0.0006,0.1,300,0
c1e-4/run9.s0.006.Ua0.1.d200.csv,9,0.006,0.1,200,2
c1e-4/run25.s0.006.Ua10.0.d300.csv,25,0.006,10.0,300,145
c1e-4/run4.s0.0006.Ua10.0.d200.csv,4,0.0006,10.0,200,2
c1e-4/run30.s0.002.Ua0.1.d400.csv,30,0.002,0.1,400,1
c1e-4/run8.s0.002.Ua1.0.d400.csv,8,0.002,1.0,400,8
c1e-4/run17.s0.0006.Ua0.1.d200.csv,17,0.0006,0.1,200,0
c1e-4/run5.s0.0002.Ua0.1.d300.csv,5,0.0002,0.1,300,0
c1e-4/run15.s0.002.Ua10.0.d200.csv,15,0.002,10.0,200,17
c1e-4/run3.s0.002.Ua10.0.d200.csv,3,0.002,10.0,200,24
c1e-4/run24.s0.002.Ua0.1.d100.csv,24,0.002,0.1,100,0
c1e-4/run24.s0.0002.Ua10.0.d300.csv,24,0.0002,10.0,300,1
c1e-4/run12.s0.002.Ua0.1.d100.csv,12,0.002,0.1,100,1
c1e-4/run14.s0.0006.Ua1.0.d200.csv,14,0.0006,1.0,200,0
c1e-4/run15.s0.0006.Ua0.1.d100.csv,15,0.0006,0.1,100,0
c1e-4/run18.s0.0006.Ua10.0.d300.csv,18,0.0006,10.0,300,9
c1e-4/run7.s0.0002.Ua1.0.d100.csv,7,0.0002,1.0,100,0
c1e-4/run27.s0.006.Ua0.1.d100.csv,27,0.006,0.1,100,1
c1e-4/run13.s0.0002.Ua0.1.d400.csv,13,0.0002,0.1,400,0
c1e-4/run1.s0.002.Ua0.1.d400.csv,1,0.002,0.1,400,1
c1e-4/run24.s0.0002.Ua0.1.d400.csv,24,0.0002,0.1,400,0
c1e-4/run11.s0.002.Ua0.1.d400.csv,11,0.002,0.1,400,1
c1e-4/run25.s0.006.Ua10.0.d200.csv,25,0.006,10.0,200,80
c1e-4/run8.s0.0006.Ua1.0.d400.csv,8,0.0006,1.0,400,2
c1e-4/run18.s0.0006.Ua1.0.d300.csv,18,0.0006,1.0,300,0
c1e-4/run4.s0.0006.Ua0.1.d300.csv,4,0.0006,0.1,300,0
c1e-4/run8.s0.0006.Ua0.1.d200.csv,8,0.0006,0.1,200,0
c1e-4/run16.s0.0002.Ua1.0.d200.csv,16,0.0002,1.0,200,0
c1e-4/run10.s0.0006.Ua0.1.d200.csv,10,0.0006,0.1,200,0
c1e-4/run20.s0.002.Ua10.0.d300.csv,20,0.002,10.0,300,52
c1e-4/run19.s0.0006.Ua10.0.d300.csv,19,0.0006,10.0,300,8
c1e-4/run5.s0.0006.Ua1.0.d400.csv,5,0.0006,1.0,400,0
c1e-4/run25.s0.0006.Ua1.0.d100.csv,25,0.0006,1.0,100,0
c1e-4/run6.s0.0006.Ua0.1.d400.csv,6,0.0006,0.1,400,1
c1e-4/run1.s0.0002.Ua1.0.d400.csv,1,0.0002,1.0,400,0
c1e-4/run6.s0.0006.Ua10.0.d100.csv,6,0.0006,10.0,100,0
c1e-4/run26.s0.006.Ua10.0.d400.csv,26,0.006,10.0,400,170
c1e-4/run6.s0.0006.Ua0.1.d300.csv,6,0.0006,0.1,300,0
c1e-4/run28.s0.0002.Ua1.0.d400.csv,28,0.0002,1.0,400,0
c1e-4/run8.s0.0006.Ua1.0.d200.csv,8,0.0006,1.0,200,0
c1e-4/run29.s0.006.Ua0.1.d100.csv,29,0.006,0.1,100,0
c1e-4/run17.s0.0002.Ua1.0.d100.csv,17,0.0002,1.0,100,0
c1e-4/run14.s0.0002.Ua10.0.d200.csv,14,0.0002,10.0,200,0
c1e-4/run15.s0.002.Ua0.1.d400.csv,15,0.002,0.1,400,1
c1e-4/run10.s0.006.Ua10.0.d100.csv,10,0.006,10.0,100,26
c1e-4/run28.s0.0002.Ua0.1.d400.csv,28,0.0002,0.1,400,0
c1e-4/run2.s0.006.Ua0.1.d200.csv,2,0.006,0.1,200,1
c1e-4/run12.s0.002.Ua0.1.d400.csv,12,0.002,0.1,400,0
c1e-4/run30.s0.006.Ua10.0.d400.csv,30,0.006,10.0,400,149
c1e-4/run14.s0.006.Ua10.0.d100.csv,14,0.006,10.0,100,22
c1e-4/run29.s0.0002.Ua0.1.d400.csv,29,0.0002,0.1,400,0
c1e-4/run8.s0.0006.Ua10.0.d300.csv,8,0.0006,10.0,300,10
c1e-4/run26.s0.0002.Ua1.0.d200.csv,26,0.0002,1.0,200,0
c1e-4/run4.s0.006.Ua0.1.d300.csv,4,0.006,0.1,300,1
c1e-4/run23.s0.0002.Ua0.1.d200.csv,23,0.0002,0.1,200,0
c1e-4/run2.s0.0006.Ua1.0.d400.csv,2,0.0006,1.0,400,1
c1e-4/run13.s0.006.Ua0.1.d300.csv,13,0.006,0.1,300,1
c1e-4/run7.s0.006.Ua0.1.d200.csv,7,0.006,0.1,200,1
c1e-4/run26.s0.0006.Ua0.1.d100.csv,26,0.0006,0.1,100,0
c1e-4/run19.s0.002.Ua10.0.d200.csv,19,0.002,10.0,200,28
c1e-4/run15.s0.0006.Ua10.0.d200.csv,15,0.0006,10.0,200,2
c1e-4/run26.s0.002.Ua10.0.d200.csv,26,0.002,10.0,200,26
c1e-4/run1.s0.0002.Ua0.1.d300.csv,1,0.0002,0.1,300,0
c1e-4/run22.s0.0002.Ua0.1.d400.csv,22,0.0002,0.1,400,0
c1e-4/run12.s0.0006.Ua1.0.d400.csv,12,0.0006,1.0,400,3
c1e-4/run20.s0.002.Ua1.0.d400.csv,20,0.002,1.0,400,5
c1e-4/run10.s0.002.Ua1.0.d300.csv,10,0.002,1.0,300,6
c1e-4/run26.s0.0002.Ua10.0.d100.csv,26,0.0002,10.0,100,0
c1e-4/run1.s0.0002.Ua0.1.d400.csv,1,0.0002,0.1,400,0
c1e-4/run13.s0.0006.Ua10.0.d400.csv,13,0.0006,10.0,400,8
c1e-4/run17.s0.002.Ua1.0.d300.csv,17,0.002,1.0,300,5
c1e-4/run24.s0.0006.Ua1.0.d300.csv,24,0.0006,1.0,300,0
c1e-4/run24.s0.0002.Ua10.0.d100.csv,24,0.0002,10.0,100,0
c1e-4/run23.s0.0002.Ua0.1.d100.csv,23,0.0002,0.1,100,0
c1e-4/run3.s0.006.Ua10.0.d400.csv,3,0.006,10.0,400,173
c1e-4/run18.s0.0002.Ua0.1.d200.csv,18,0.0002,0.1,200,0
c1e-4/run7.s0.0006.Ua1.0.d300.csv,7,0.0006,1.0,300,0
c1e-4/run18.s0.002.Ua10.0.d300.csv,18,0.002,10.0,300,53
c1e-4/run30.s0.006.Ua10.0.d200.csv,30,0.006,10.0,200,85
c1e-4/run25.s0.006.Ua0.1.d200.csv,25,0.006,0.1,200,1
c1e-4/run20.s0.002.Ua1.0.d300.csv,20,0.002,1.0,300,8
c1e-4/run8.s0.006.Ua1.0.d400.csv,8,0.006,1.0,400,20
c1e-4/run11.s0.002.Ua10.0.d100.csv,11,0.002,10.0,100,9
c1e-4/run18.s0.0002.Ua0.1.d400.csv,18,0.0002,0.1,400,0
c1e-4/run27.s0.0006.Ua0.1.d200.csv,27,0.0006,0.1,200,0
c1e-4/run28.s0.0006.Ua10.0.d100.csv,28,0.0006,10.0,100,0
c1e-4/run4.s0.006.Ua1.0.d400.csv,4,0.006,1.0,400,12
c1e-4/run21.s0.002.Ua10.0.d200.csv,21,0.002,10.0,200,31
c1e-4/run24.s0.0006.Ua1.0.d400.csv,24,0.0006,1.0,400,1
c1e-4/run12.s0.006.Ua10.0.d200.csv,12,0.006,10.0,200,81
c1e-4/run11.s0.0006.Ua0.1.d100.csv,11,0.0006,0.1,100,0
c1e-4/run23.s0.006.Ua1.0.d200.csv,23,0.006,1.0,200,4
c1e-4/run22.s0.002.Ua0.1.d200.csv,22,0.002,0.1,200,0
c1e-4/run7.s0.002.Ua10.0.d200.csv,7,0.002,10.0,200,26
c1e-4/run9.s0.002.Ua10.0.d300.csv,9,0.002,10.0,300,40
c1e-4/run25.s0.0006.Ua1.0.d200.csv,25,0.0006,1.0,200,0
c1e-4/run5.s0.006.Ua0.1.d400.csv,5,0.006,0.1,400,1
c1e-4/run23.s0.002.Ua1.0.d200.csv,23,0.002,1.0,200,3
c1e-4/run7.s0.0002.Ua0.1.d200.csv,7,0.0002,0.1,200,0
c1e-4/run8.s0.0002.Ua10.0.d100.csv,8,0.0002,10.0,100,0
c1e-4/run1.s0.002.Ua1.0.d100.csv,1,0.002,1.0,100,2
c1e-4/run16.s0.0002.Ua0.1.d200.csv,16,0.0002,0.1,200,0
c1e-4/run12.s0.006.Ua0.1.d100.csv,12,0.006,0.1,100,1
c1e-4/run12.s0.0006.Ua0.1.d100.csv,12,0.0006,0.1,100,0
c1e-4/run9.s0.0006.Ua1.0.d200.csv,9,0.0006,1.0,200,0
c1e-4/run28.s0.0006.Ua10.0.d300.csv,28,0.0006,10.0,300,10
c1e-4/run1.s0.006.Ua0.1.d200.csv,1,0.006,0.1,200,3
c1e-4/run15.s0.006.Ua1.0.d300.csv,15,0.006,1.0,300,11
c1e-4/run16.s0.006.Ua0.1.d100.csv,16,0.006,0.1,100,0
c1e-4/run3.s0.0002.Ua10.0.d300.csv,3,0.0002,10.0,300,0
c1e-4/run24.s0.002.Ua1.0.d100.csv,24,0.002,1.0,100,1
c1e-4/run26.s0.0002.Ua10.0.d200.csv,26,0.0002,10.0,200,0
c1e-4/run20.s0.0002.Ua1.0.d100.csv,20,0.0002,1.0,100,0
c1e-4/run13.s0.006.Ua0.1.d200.csv,13,0.006,0.1,200,1
c1e-4/run22.s0.0006.Ua1.0.d100.csv,22,0.0006,1.0,100,0
c1e-4/run28.s0.006.Ua1.0.d100.csv,28,0.006,1.0,100,2
c1e-4/run30.s0.0002.Ua1.0.d400.csv,30,0.0002,1.0,400,0
c1e-4/run12.s0.0006.Ua0.1.d200.csv,12,0.0006,0.1,200,0
c1e-4/run9.s0.002.Ua0.1.d100.csv,9,0.002,0.1,100,0
c1e-4/run30.s0.0002.Ua10.0.d100.csv,30,0.0002,10.0,100,0
c1e-4/run2.s0.0002.Ua10.0.d100.csv,2,0.0002,10.0,100,0
c1e-4/run23.s0.006.Ua0.1.d200.csv,23,0.006,0.1,200,1
c1e-4/run9.s0.006.Ua10.0.d300.csv,9,0.006,10.0,300,155
c1e-4/run13.s0.0002.Ua0.1.d100.csv,13,0.0002,0.1,100,0
c1e-4/run8.s0.006.Ua1.0.d200.csv,8,0.006,1.0,200,6
